,Title,Foreign_Gross,domestic_opening_gross,foreign_market_count,Years_Since_Release,Is_Adaptation,Is_Sequel,Sony Pictures Entertainment (SPE),Twentieth Century Fox,Universal Pictures,Walt Disney Studios Motion Pictures,Warner Bros.,Action,Adventure,Comedy,G,PG,PG-13,Is_Animation,Is_Family,Is_Horror,Is_Sci-Fi,Is_Fantasy,Is_Romance,imdb_title_id,weighted_average_vote
0,Fantastic Four,178839854,56061504,65,15,0,0,0,1,0,0,0,1,0,0,0,0,1,0,0,0,1,1,0,tt0120667,5.7
1,The Lord of the Rings: The Fellowship of the Ring,572390244,47211490,65,19,1,1,0,0,0,0,0,1,0,0,0,0,1,0,0,0,0,1,0,tt0120737,8.8
2,Men in Black II,251400000,52148751,28,18,0,0,1,0,0,0,0,1,0,0,0,0,1,0,0,0,1,0,0,tt0120912,6.2
3,Star Wars: Episode II - Attack of the Clones,343103230,80027814,63,18,0,1,0,1,0,0,0,1,0,0,0,1,0,0,0,0,1,1,0,tt0121765,6.5
4,Star Wars: Episode III - Revenge of the Sith,488119983,108435841,67,15,0,1,0,1,0,0,0,1,0,0,0,0,1,0,0,0,1,1,0,tt0121766,7.5
5,Shrek,220104788,42347760,45,19,1,0,0,0,0,0,0,0,1,0,0,1,0,1,1,0,0,1,0,tt0126029,7.8
6,Planet of the Apes,182200000,68532960,13,19,1,0,0,1,0,0,0,1,0,0,0,0,1,0,0,0,1,0,0,tt0133152,5.7
7,Spider-Man,418002176,114844116,83,18,0,0,1,0,0,0,0,1,0,0,0,0,1,0,0,0,1,0,0,tt0145487,7.3
8,Lara Croft: Tomb Raider,143535270,47735743,53,19,0,1,0,0,0,0,0,1,0,0,0,0,1,0,0,0,0,1,0,tt0146316,5.8
9,Cold Mountain,77377000,14500000,28,17,1,0,0,0,0,0,0,0,1,0,0,0,0,0,0,0,0,0,1,tt0159365,7.2
10,Jurassic Park III,187608934,50771645,13,19,1,1,0,0,1,0,0,1,0,0,0,0,1,0,0,0,1,0,0,tt0163025,5.9
11,The Sum of All Fears,75014336,31178526,27,18,1,0,0,0,0,0,0,1,0,0,0,0,1,0,0,0,0,0,0,tt0164184,6.4
12,The Lord of the Rings: The Return of the King,764425084,72629713,67,17,1,1,0,0,0,0,0,1,0,0,0,0,1,0,0,0,0,1,0,tt0167260,8.9
13,The Lord of the Rings: The Two Towers,600730905,62007528,66,18,1,1,0,0,0,0,0,1,0,0,0,0,1,0,0,0,0,1,0,tt0167261,8.7
14,Bad Boys II,134731112,46522560,26,17,0,1,1,0,0,0,0,1,0,0,0,0,0,0,0,0,0,0,0,tt0172156,6.6
15,Minority Report,226300000,35677125,28,18,1,0,0,1,0,0,0,1,0,0,0,0,1,0,0,0,1,0,0,tt0181689,7.6
16,Terminator 3: Rise of the Machines,283000000,44041440,27,17,0,1,0,0,0,0,1,1,0,0,0,0,0,0,0,0,1,0,0,tt0181852,6.3
17,Blade II,72661713,32528016,54,18,0,0,0,0,0,0,0,1,0,0,0,0,0,0,0,1,1,1,0,tt0187738,6.7
18,"Monsters, Inc.",289064814,62577067,20,19,0,0,0,0,0,1,0,0,1,0,1,0,0,1,1,0,0,1,0,tt0198781,8.0
19,Moulin Rouge!,127548423,167540,64,19,0,0,0,1,0,0,0,0,0,0,0,0,1,0,0,0,0,0,1,tt0203009,7.6
20,The Mummy Returns,241261119,68139035,54,19,0,1,0,0,1,0,0,1,0,0,0,0,1,0,0,0,0,1,0,tt0209163,6.3
21,Amélie,140699243,136470,20,19,0,0,0,0,0,0,0,0,0,1,0,0,0,0,0,0,0,0,1,tt0211915,8.3
22,A.I. Artificial Intelligence,157309863,29352630,14,19,0,0,0,0,0,0,1,0,0,0,0,0,1,0,0,0,1,0,0,tt0212720,7.2
23,Hannibal,186600000,58003121,7,19,1,0,0,0,0,0,0,0,0,0,0,0,0,0,0,0,0,0,0,tt0212985,6.8
24,Pearl Harbor,250678391,59078912,9,19,0,0,0,0,0,1,0,1,0,0,0,0,1,0,0,0,0,0,1,tt0213149,6.2
25,Gangs of New York,115960504,9100000,25,18,0,0,0,0,0,0,0,0,0,0,0,0,0,0,0,0,0,0,0,tt0217505,7.5
26,Spy Kids,35215179,26546881,6,19,0,0,0,0,0,0,0,1,0,0,0,1,0,0,1,0,1,0,0,tt0227538,5.5
27,Atlantis: The Lost Empire,101997253,329011,14,19,1,1,0,0,0,1,0,1,0,0,0,1,0,1,1,0,1,1,0,tt0230011,6.9
28,The Others,113424350,14089952,20,19,0,0,0,0,0,0,0,0,0,0,0,0,1,0,0,1,0,0,0,tt0230600,7.6
29,The Fast and the Furious,62767584,40089015,15,19,0,0,0,0,1,0,0,1,0,0,0,0,1,0,0,0,0,0,0,tt0232500,6.8
30,The Matrix Reloaded,460271476,91774413,25,17,0,1,0,0,0,0,1,1,0,0,0,0,0,0,0,0,1,0,0,tt0234215,7.2
31,The Mexican,81000000,20108829,7,19,0,0,0,0,0,0,0,0,1,0,0,0,0,0,0,0,0,0,1,tt0236493,6.1
32,Cats & Dogs,107301977,21707617,11,19,0,0,0,0,0,0,1,1,0,0,0,1,0,0,1,0,0,1,0,tt0239395,5.1
33,Dr. Dolittle 2,63151445,25037039,6,19,0,1,0,1,0,0,0,0,0,1,0,1,0,0,1,0,0,1,0,tt0240462,4.7
34,Ocean's Eleven,267300000,38107822,21,19,0,0,0,0,0,0,1,0,0,0,0,0,1,0,0,0,0,0,0,tt0240772,7.7
35,Harry Potter and the Sorcerer's Stone,684802149,90294621,22,19,0,0,0,0,0,0,1,0,1,0,0,1,0,0,1,0,0,1,0,tt0241527,7.6
36,The Matrix Revolutions,288030329,48475154,29,17,0,1,0,0,0,0,1,1,0,0,0,0,0,0,0,0,1,0,0,tt0242653,6.8
37,Bridget Jones's Diary,210386368,10733933,15,19,1,0,0,0,0,0,0,0,0,1,0,0,0,0,0,0,0,0,1,tt0243155,6.7
38,Stuart Little 2,105000000,15115152,27,18,1,1,1,0,0,0,0,0,1,0,0,1,0,1,1,0,0,1,0,tt0243585,5.5
39,Swordfish,77307444,18145632,13,19,0,0,0,0,0,0,1,1,0,0,0,0,0,0,0,0,0,0,0,tt0244244,6.5
40,Spirited Away,341716432,449839,21,19,0,0,0,0,0,1,0,0,1,0,0,1,0,1,1,0,0,1,0,tt0245429,8.6
41,Die Another Day,271028977,47072040,27,18,1,1,0,0,0,0,0,1,0,0,0,0,1,0,0,0,0,0,0,tt0246460,6.1
42,The Princess Diaries,57086197,22862269,15,19,1,0,0,0,0,1,0,0,0,1,1,0,0,0,1,0,0,0,1,tt0247638,6.3
43,How to Lose a Guy in 10 Days,71689014,23774850,58,17,1,0,0,0,0,0,0,0,0,1,0,0,1,0,0,0,0,0,1,tt0251127,6.4
44,Maid in Manhattan,60895468,18711407,24,18,0,0,0,0,0,0,0,0,0,1,0,0,1,0,0,0,0,0,1,tt0252076,5.3
45,American Pie 2,142450000,45117985,17,19,0,1,0,0,1,0,0,0,0,1,0,0,0,0,0,0,0,0,0,tt0252866,6.4
46,Shallow Hal,70230657,22518295,19,19,0,0,0,1,0,0,0,0,0,1,0,0,1,0,0,0,0,1,1,tt0256380,5.9
47,Sweet Home Alabama,53399006,35648740,28,18,0,0,0,0,0,1,0,0,0,1,0,0,1,0,0,0,0,0,1,tt0256415,6.2
48,Road to Perdition,76546716,22079481,27,18,0,0,0,0,0,0,0,0,0,0,0,0,0,0,0,0,0,0,0,tt0257044,7.7
49,S.W.A.T.,90790989,37062535,24,17,1,0,1,0,0,0,0,1,0,0,0,0,1,0,0,0,0,0,0,tt0257076,6.0
50,Scary Movie 2,69911681,20503356,12,19,0,1,0,0,0,0,0,0,0,1,0,0,0,0,0,1,0,0,0,tt0257106,5.3
51,Panic Room,100682212,30056751,26,18,0,0,1,0,0,0,0,0,0,0,0,0,0,0,0,0,0,0,0,tt0258000,6.8
52,The Bourne Identity,92372541,27118640,54,18,1,0,0,0,1,0,0,1,0,0,0,0,1,0,0,0,0,0,0,tt0258463,7.9
53,Ghost Rider,112935797,45388836,76,13,0,0,1,0,0,0,0,1,0,0,0,0,1,0,0,0,0,1,0,tt0259324,5.2
54,My Big Fat Greek Wedding,127305836,597362,27,18,1,0,0,0,0,0,0,0,0,1,0,1,0,0,0,0,0,0,1,tt0259446,6.5
55,Vanilla Sky,102769997,25015518,19,19,0,0,0,0,0,0,0,0,0,0,0,0,0,0,0,0,1,1,1,tt0259711,6.9
56,Catch Me If You Can,187498961,30053627,54,18,0,0,0,0,0,0,0,0,0,0,0,0,1,0,0,0,0,0,0,tt0264464,8.1
57,Black Hawk Down,64350906,179823,18,19,1,0,0,0,0,0,0,0,0,0,0,0,0,0,0,0,0,0,0,tt0265086,7.7
58,Kill Bill: Vol. 1,110800000,22200000,25,17,0,1,0,0,0,0,0,1,0,0,0,0,0,0,0,0,0,0,0,tt0266697,8.1
59,Rush Hour 2,121161516,67408222,13,19,0,1,0,0,0,0,0,1,0,0,0,0,1,0,0,0,0,0,0,tt0266915,6.6
60,Spy Game,80687000,21689125,23,19,0,0,0,0,1,0,0,1,0,0,0,0,0,0,0,0,0,0,0,tt0266987,7.1
61,Scooby-Doo,122356539,54155312,27,18,1,0,0,0,0,0,1,0,1,0,0,1,0,0,1,0,0,1,0,tt0267913,5.1
62,Ice Age,206869731,46312454,65,18,0,0,0,1,0,0,0,0,1,0,0,1,0,1,1,0,0,1,0,tt0268380,7.5
63,A Beautiful Mind,146048916,367151,23,19,0,0,0,0,1,0,0,0,0,0,0,0,1,0,0,0,0,0,0,tt0268978,8.2
64,Johnny English,132383634,9134085,56,17,0,0,0,0,1,0,0,1,0,0,0,1,0,0,0,0,0,0,0,tt0274166,6.2
65,Lilo & Stitch,127349813,35260212,26,18,0,0,0,0,0,1,0,0,1,0,0,1,0,1,1,0,1,1,0,tt0275847,7.2
66,The Scorpion King,89583830,36075875,50,18,0,0,0,0,1,0,0,1,0,0,0,0,1,0,0,0,0,1,0,tt0277296,5.5
67,Mr. Deeds,44976083,37162787,25,18,1,0,1,0,0,0,0,0,0,1,0,0,1,0,0,0,0,0,1,tt0280590,5.8
68,Signs,180281283,60117080,25,18,0,0,0,0,0,1,0,0,0,0,0,0,1,0,0,0,1,0,0,tt0286106,6.7
69,Hulk,113107931,62128420,56,17,0,0,0,0,1,0,0,1,0,0,0,0,1,0,0,0,1,0,0,tt0286716,5.6
70,Daredevil,76636200,40310419,42,17,0,0,0,1,0,0,0,1,0,0,0,0,1,0,0,0,0,0,0,tt0287978,5.3
71,Red Dragon,116046400,36540945,52,18,1,0,0,0,1,0,0,0,0,0,0,0,0,0,0,0,0,0,0,tt0289765,7.2
72,Meet the Fockers,243396776,46120980,62,16,0,1,0,0,1,0,0,0,0,1,0,0,1,0,0,0,0,0,1,tt0290002,6.3
73,X2: X-Men United,192761855,85558731,63,17,0,1,0,1,0,0,0,1,0,0,0,0,1,0,0,0,1,0,0,tt0290334,7.4
74,The Phantom of the Opera,103380072,4001890,48,16,1,0,0,0,0,0,1,0,0,0,0,0,1,0,0,0,0,0,1,tt0293508,7.2
75,Rush Hour 3,117971154,50237000,65,13,0,1,0,0,0,0,0,1,0,0,0,0,1,0,0,0,0,0,0,tt0293564,6.2
76,Austin Powers in Goldmember,83630912,73071188,52,18,0,1,0,0,0,0,0,1,0,0,0,0,1,0,0,0,0,0,0,tt0295178,6.2
77,Harry Potter and the Chamber of Secrets,617120782,88357488,30,18,1,1,0,0,0,0,1,0,1,0,0,1,0,0,1,0,0,1,0,tt0295297,7.4
78,xXx,135339000,44506103,28,18,0,0,0,0,0,0,0,1,0,0,0,0,1,0,0,0,0,0,0,tt0295701,5.9
79,The Ring,120220800,15015393,26,18,0,0,0,0,0,0,0,0,0,0,0,0,1,0,0,1,0,0,0,tt0298130,7.1
80,Shrek 2,487534523,108037878,62,16,1,1,0,0,0,0,0,0,1,0,0,1,0,1,1,0,0,1,1,tt0298148,7.2
81,8 Mile,126124177,51240555,53,18,0,0,0,0,1,0,0,0,0,0,0,0,0,0,0,0,0,0,0,tt0298203,7.1
82,Home on the Range,95327601,13880771,32,16,0,0,0,0,0,1,0,0,1,0,0,1,0,1,1,0,0,0,0,tt0299172,5.4
83,Chicago,136089214,2074929,23,18,0,0,0,0,0,0,0,0,0,1,0,0,1,0,0,0,0,0,0,tt0299658,7.1
84,Hero,123685538,17800000,47,18,0,0,0,0,0,0,0,1,0,0,0,0,1,0,0,0,0,0,0,tt0299977,7.9
85,Harry Potter and the Prisoner of Azkaban,546204132,93687367,48,16,1,1,0,0,0,0,1,0,1,0,0,1,0,0,1,0,0,1,0,tt0304141,7.9
86,Mona Lisa Smile,77477047,11528498,25,17,0,0,0,0,0,0,0,0,0,0,0,0,1,0,0,0,0,0,0,tt0304415,6.5
87,Anger Management,60100000,42220847,24,17,0,0,0,0,0,0,0,0,0,1,0,0,1,0,0,0,0,0,0,tt0305224,6.3
88,Charlie's Angels: Full Throttle,158345677,37634221,27,17,1,1,1,0,0,0,0,1,0,0,0,0,1,0,0,0,0,0,0,tt0305357,4.9
89,Bringing Down the House,32013002,31101026,26,17,0,0,0,0,0,1,0,0,0,1,0,0,1,0,0,0,0,0,0,tt0305669,5.6
90,Scary Movie 3,110670000,49700000,26,17,0,1,0,0,0,0,0,0,0,1,0,0,1,0,0,1,0,0,0,tt0306047,5.5
91,Shark Tale,213721971,47604606,62,16,0,0,0,0,0,0,0,0,1,0,0,1,0,1,1,0,0,1,0,tt0307453,6.0
92,Master and Commander: The Far Side of the World,117694615,25105990,62,17,1,1,0,1,0,0,0,1,0,0,0,0,1,0,0,0,0,0,0,tt0311113,7.4
93,The League of Extraordinary Gentlemen,112800000,23075892,23,17,0,0,0,1,0,0,0,1,0,0,0,0,1,0,0,0,1,1,0,tt0311429,5.8
94,Two Weeks Notice,105688391,14328494,25,18,0,0,0,0,0,0,1,0,0,1,0,0,1,0,0,0,0,0,1,tt0313737,6.1
95,Love Actually,185239238,6886080,51,17,0,0,0,0,1,0,0,0,0,1,0,0,0,0,0,0,0,0,1,tt0314331,7.6
96,Bruce Almighty,241763613,67953330,26,17,0,0,0,0,1,0,0,0,0,1,0,0,1,0,0,0,0,1,0,tt0315327,6.8
97,Spider-Man 2,415390628,88156227,72,16,0,1,1,0,0,0,0,1,0,0,0,0,1,0,0,0,1,0,0,tt0316654,7.3
98,Bridget Jones: The Edge of Reason,224900703,8684055,60,16,0,1,0,0,1,0,0,0,0,1,0,0,0,0,0,0,0,0,1,tt0317198,6.0
99,Daddy Day Care,60136806,27623580,24,17,0,0,0,0,0,0,0,0,0,1,0,1,0,0,1,0,0,0,0,tt0317303,5.6
100,The Italian Job,69941570,19457944,58,17,0,0,0,0,0,0,0,1,0,0,0,0,1,0,0,0,0,0,0,tt0317740,7.0
101,Mission: Impossible III,264449696,47743273,68,14,1,1,0,0,0,0,0,1,0,0,0,0,1,0,0,0,0,0,0,tt0317919,6.9
102,The Day After Tomorrow,365898772,68743584,64,16,1,0,0,1,0,0,0,1,0,0,0,0,1,0,0,0,1,0,0,tt0319262,6.4
103,Elf,47044933,32100000,38,17,0,0,0,0,0,0,0,0,0,1,0,1,0,0,1,0,0,1,1,tt0319343,6.9
104,Kingdom of Heaven,170724214,19635996,65,15,0,0,0,1,0,0,0,1,0,0,0,0,0,0,0,0,0,0,0,tt0320661,7.2
105,2 Fast 2 Furious,109195760,50472480,56,17,0,1,0,0,1,0,0,1,0,0,0,0,1,0,0,0,0,0,0,tt0322259,5.9
106,Freaky Friday,50616000,22203007,22,17,1,0,0,0,0,1,0,0,0,1,0,1,0,0,1,0,0,1,1,tt0322330,6.2
107,Lara Croft Tomb Raider: The Cradle of Life,94439026,21783641,55,17,0,1,0,0,0,0,0,1,0,0,0,0,1,0,0,0,0,1,0,tt0325703,5.6
108,The Last Samurai,343500000,24271354,28,17,0,0,0,0,0,0,1,1,0,0,0,0,0,0,0,0,0,0,0,tt0325710,7.7
109,Pirates of the Caribbean: The Curse of the Black Pearl,348850097,46630690,28,17,0,1,0,0,0,1,0,1,0,0,0,0,1,0,0,0,0,1,0,tt0325980,8.0
110,Mystic River,66460000,640815,25,17,1,0,0,0,0,0,1,0,0,0,0,0,0,0,0,0,0,0,0,tt0327056,7.9
111,Over the Hedge,184776550,38457003,63,14,0,0,0,0,0,0,0,0,1,0,0,1,0,1,1,0,0,1,0,tt0327084,6.7
112,American Wedding,128157821,33369440,50,17,0,1,0,0,1,0,0,0,0,1,0,0,0,0,0,0,0,0,0,tt0328828,6.3
113,Seabiscuit,28058591,20854735,29,17,0,0,0,0,1,0,0,0,0,0,0,0,1,0,0,0,0,0,0,tt0329575,7.3
114,Harry Potter and the Goblet of Fire,605984224,102685961,45,15,1,1,0,0,0,0,1,0,1,0,0,0,1,0,1,0,0,1,0,tt0330373,7.7
115,Scooby-Doo 2: Monsters Unleashed,97000000,29438331,43,16,1,1,0,0,0,0,1,0,1,0,0,1,0,0,1,1,1,1,0,tt0331632,5.1
116,Troy,364031596,46865412,45,16,1,0,0,0,0,0,1,0,0,0,0,0,0,0,0,0,0,0,0,tt0332452,7.2
117,The Passion of the Christ,241271498,83848082,64,16,0,0,0,0,0,0,0,0,0,0,0,0,0,0,0,0,0,0,0,tt0335345,7.2
118,Starsky & Hutch,82030996,28103367,41,16,1,0,0,0,0,0,1,0,0,1,0,0,1,0,0,0,0,0,0,tt0335438,6.1
119,Something's Gotta Give,140600000,16064723,28,17,0,0,1,0,0,0,0,0,0,1,0,0,1,0,0,0,0,0,1,tt0337741,6.7
120,Live Free or Die Hard,253626608,33369559,75,13,1,1,0,1,0,0,0,1,0,0,0,0,1,0,0,0,0,0,0,tt0337978,7.1
121,The Haunted Mansion,106443000,24278410,26,17,0,0,0,0,0,1,0,0,0,1,0,1,0,0,1,1,0,1,0,tt0338094,5.0
122,Spy Kids 3-D: Game Over,85339696,32500000,25,17,0,1,0,0,0,0,0,1,0,0,0,1,0,0,1,0,1,0,0,tt0338459,4.3
123,Van Helsing,179980554,51748040,52,16,0,0,0,0,1,0,0,1,0,0,0,0,1,0,0,0,0,1,0,tt0338526,6.1
124,The Aviator,111109612,858021,46,16,1,0,0,0,0,0,0,0,0,0,0,0,1,0,0,0,0,0,0,tt0338751,7.5
125,A Series of Unfortunate Events,92833686,30061756,61,16,0,0,0,0,0,0,0,0,1,0,0,1,0,0,1,0,0,1,0,tt0339291,6.8
126,Along Came Polly,90214565,27721185,59,16,0,0,0,0,1,0,0,0,0,1,0,0,1,0,0,0,0,0,1,tt0343135,6.0
127,50 First Dates,77612860,39852237,68,16,0,0,1,0,0,0,0,0,0,1,0,0,1,0,0,0,0,0,1,tt0343660,6.8
128,"I, Robot",208332875,52179887,63,16,1,0,0,1,0,0,0,1,0,0,0,0,1,0,0,0,1,0,0,tt0343818,7.1
129,The SpongeBob SquarePants Movie,55649139,32018216,37,16,0,0,0,0,0,0,0,1,0,0,0,1,0,1,1,0,0,1,0,tt0345950,7.1
130,Alexander,133001001,13687087,52,16,0,0,0,0,0,0,1,1,0,0,0,0,0,0,0,0,0,0,0,tt0346491,5.6
131,Howl's Moving Castle,230636249,427987,28,16,0,0,0,0,0,1,0,0,1,0,0,1,0,1,1,0,0,1,0,tt0347149,8.2
132,Superman Returns,191000000,52535096,49,14,0,0,0,0,0,0,1,1,0,0,0,0,1,0,0,0,1,0,0,tt0348150,6.0
133,Gothika,81896744,19288438,28,17,0,0,0,0,0,0,1,0,0,0,0,0,0,0,0,1,0,0,0,tt0348836,5.8
134,Cheaper by the Dozen,51924086,27557647,30,17,0,0,0,1,0,0,0,0,0,1,0,1,0,0,1,0,0,0,0,tt0349205,5.9
135,King Arthur,151685613,15193907,38,16,1,0,0,0,0,1,0,1,0,0,0,0,1,0,0,0,0,0,0,tt0349683,6.3
136,Ocean's Twelve,237200000,39153380,50,16,0,1,0,0,0,0,1,0,0,0,0,0,1,0,0,0,0,0,0,tt0349903,6.5
137,Madagascar,348468325,47224594,63,15,0,0,0,0,0,0,0,0,1,0,0,1,0,1,1,0,0,0,0,tt0351283,6.9
138,Garfield,127802828,21727611,65,16,0,0,0,1,0,0,0,0,0,0,0,1,0,1,1,0,0,1,0,tt0356634,5.0
139,Mr. & Mrs. Smith,300951367,50342878,69,15,0,0,0,1,0,0,0,1,0,0,0,0,1,0,0,0,0,0,0,tt0356910,6.5
140,Robots,134311478,36045301,65,15,0,0,0,1,0,0,0,0,1,0,0,1,0,1,1,0,1,0,0,tt0358082,6.3
141,Shall We Dance,112238000,11600000,48,16,0,0,0,0,0,0,0,0,0,1,0,0,1,0,0,0,0,0,1,tt0358135,6.1
142,Walk the Line,67278584,22347341,62,15,0,0,0,1,0,0,0,0,0,0,0,0,1,0,0,0,0,0,1,tt0358273,7.8
143,The Secret Life of Walter Mitty,129896484,12765508,53,7,1,0,0,1,0,0,0,0,0,1,0,1,0,0,0,0,0,1,1,tt0359950,7.3
144,Constantine,154908550,29769098,46,15,0,0,0,0,0,0,1,1,0,0,0,0,0,0,0,1,0,1,0,tt0360486,7.0
145,King Kong,344283424,50130145,65,15,0,0,0,0,1,0,0,1,0,0,0,0,1,0,0,0,0,0,1,tt0360717,7.2
146,Fahrenheit 9/11,103252111,23920637,38,16,0,0,0,0,0,0,0,0,0,0,0,0,0,0,0,0,0,0,0,tt0361596,7.5
147,Inglourious Basterds,200914970,38054676,61,11,0,0,0,0,0,0,0,0,1,0,0,0,0,0,0,0,0,0,0,tt0361748,8.3
148,Scary Movie 4,87552000,40222875,43,14,0,1,0,0,0,0,0,0,0,1,0,0,1,0,0,1,0,0,0,tt0362120,5.1
149,The Terminal,141227201,19053199,61,16,0,0,0,0,0,0,0,0,0,1,0,0,1,0,0,0,0,0,1,tt0362227,7.4
150,"The Chronicles of Narnia: The Lion, the Witch and the Wardrobe",453302158,65556312,41,15,0,1,0,0,0,1,0,0,1,0,0,1,0,0,1,0,0,1,0,tt0363771,6.9
151,Dodgeball,54096491,30070196,59,16,0,0,0,1,0,0,0,0,0,1,0,0,1,0,0,0,0,0,0,tt0364725,6.7
152,Happy Feet,186335791,41533432,46,14,0,0,0,0,0,0,1,0,1,0,0,1,0,1,1,0,0,0,1,tt0366548,6.4
153,Charlie and the Chocolate Factory,268509687,56178450,44,15,0,0,0,0,0,0,1,0,1,0,0,1,0,0,1,0,0,1,0,tt0367594,6.6
154,Indiana Jones and the Kingdom of the Crystal Skull,473552823,100137835,67,12,0,1,0,0,0,0,0,1,0,0,0,0,1,0,0,0,0,0,0,tt0367882,6.1
155,The Village,142500000,50746142,37,17,0,0,0,0,0,1,0,0,0,0,0,0,1,0,0,0,0,0,0,tt0368447,6.5
156,National Treasure,174503424,35142554,52,16,0,0,0,0,0,1,0,1,0,0,0,1,0,0,0,0,0,0,0,tt0368891,6.9
157,Collateral,119920992,24701458,61,16,0,0,0,0,0,0,0,0,0,0,0,0,0,0,0,0,0,0,0,tt0369339,7.5
158,Four Christmases,43966681,31069826,56,12,0,0,0,0,0,0,1,0,0,1,0,0,1,0,0,0,0,0,1,tt0369436,5.7
159,Fun with Dick and Jane,94349162,14383515,71,15,0,0,1,0,0,0,0,0,0,1,0,0,1,0,0,0,0,0,0,tt0369441,6.2
160,Jurassic World,1018130819,208806270,66,5,1,1,0,0,1,0,0,1,0,0,0,0,1,0,0,0,1,0,0,tt0369610,7.0
161,Monster-in-Law,72526026,24000000,54,15,0,0,0,0,0,0,0,0,0,1,0,0,1,0,0,0,0,0,1,tt0369735,5.6
162,Alien vs. Predator,97144859,38291056,64,16,0,0,0,1,0,0,0,1,0,0,0,0,1,0,0,1,1,0,0,tt0370263,5.6
163,Chicken Little,179046172,40049778,38,15,0,0,0,0,0,1,0,0,1,0,1,0,0,1,1,0,1,1,0,tt0371606,5.7
164,Iron Man,266762121,98618668,69,12,0,0,0,0,0,0,0,1,0,0,0,0,1,0,0,0,1,0,0,tt0371746,7.9
165,The Bourne Supremacy,114593328,52521865,61,16,1,1,0,0,1,0,0,1,0,0,0,0,1,0,0,0,0,0,0,tt0372183,7.7
166,Batman Begins,166807709,48745440,43,15,0,0,0,0,0,0,1,1,0,0,0,0,1,0,0,0,0,0,0,tt0372784,8.2
167,Journey to the Center of the Earth,142528318,21018141,65,12,1,0,0,0,0,0,1,1,0,0,0,1,0,0,1,0,1,1,0,tt0373051,5.8
168,Harry Potter and the Order of the Phoenix,649789530,77108414,63,13,1,1,0,0,0,0,1,1,0,0,0,0,1,0,1,0,0,1,0,tt0373889,7.5
169,The Interpreter,90236762,22822455,53,15,0,0,0,0,1,0,0,0,0,0,0,0,1,0,0,0,0,0,0,tt0373926,6.4
170,X-Men: The Last Stand,226072829,102750665,71,14,0,1,0,1,0,0,0,1,0,0,0,0,1,0,0,0,1,0,0,tt0376994,6.7
171,The Ring Two,87764700,35065237,51,15,0,1,0,0,0,0,0,0,0,0,0,0,1,0,0,1,0,0,0,tt0377109,5.4
172,Kill Bill: Vol. 2,87908613,25600000,41,16,0,1,0,0,0,0,0,1,0,0,0,0,0,0,0,0,0,0,0,tt0378194,8.0
173,Casino Royale,449055659,40833156,81,14,1,1,1,0,0,0,0,1,0,0,0,0,1,0,0,0,0,0,0,tt0381061,8.0
174,The Da Vinci Code,542470807,77073388,71,14,1,0,1,0,0,0,0,0,0,0,0,0,1,0,0,0,0,0,0,tt0382625,6.6
175,Ratatouille,417280431,47027395,62,13,0,0,0,0,0,1,0,0,1,0,1,0,0,1,1,0,0,1,0,tt0382932,8.0
176,The Pink Panther,81889423,20220412,66,14,0,1,1,0,0,0,0,0,1,0,0,1,0,0,1,0,0,0,0,tt0383216,5.7
177,Pirates of the Caribbean: Dead Man's Chest,642863935,135634554,44,14,0,1,0,0,0,1,0,1,0,0,0,0,1,0,0,0,0,1,0,tt0383574,7.3
178,The Golden Compass,302127136,26125000,64,13,1,0,0,0,0,0,0,0,1,0,0,0,1,0,1,0,0,1,0,tt0385752,6.1
179,Monster House,68200233,22217226,74,14,0,0,1,0,0,0,0,0,0,0,0,1,0,1,1,0,0,1,0,tt0385880,6.6
180,The Legend of Zorro,95936042,16328506,63,15,0,1,1,0,0,0,0,1,0,0,0,1,0,0,0,0,0,0,1,tt0386140,6.0
181,Hitch,192098655,43142214,73,15,0,0,1,0,0,0,0,0,0,1,0,0,1,0,0,0,0,0,1,tt0386588,6.6
182,Brokeback Mountain,95018998,547425,35,15,1,0,0,0,0,0,0,0,0,0,0,0,0,0,0,0,0,0,1,tt0388795,7.7
183,Bee Movie,166883059,38021044,66,13,0,0,0,0,0,0,0,0,1,0,0,1,0,1,1,0,0,0,0,tt0389790,6.1
184,Click,103329693,40011365,76,14,0,0,0,0,0,0,0,0,0,1,0,0,1,0,0,0,0,1,1,tt0389860,6.4
185,The Grudge,76921753,39128715,40,16,0,0,1,0,0,0,0,0,0,0,0,0,1,0,0,1,0,0,0,tt0391198,5.9
186,The Pacifier,85550000,30552694,42,15,0,0,0,0,0,1,0,1,0,0,0,1,0,0,1,0,0,0,0,tt0395699,5.6
187,Wedding Crashers,79211724,32200000,54,15,0,0,0,0,0,0,0,0,0,1,0,0,0,0,0,0,0,0,1,tt0396269,6.9
188,Meet the Robinsons,71510863,25123781,62,13,1,0,0,0,0,1,0,0,1,0,1,0,0,1,1,0,1,0,0,tt0396555,6.8
189,Memoirs of a Geisha,104752454,682504,65,15,1,0,1,0,0,0,0,0,0,0,0,0,1,0,0,0,0,0,1,tt0397535,7.4
190,Bolt,195926415,26223128,62,12,0,0,0,0,0,1,0,0,1,0,0,1,0,1,1,0,0,0,0,tt0397892,6.8
191,The Longest Yard,33347096,47606480,52,15,0,0,0,0,0,0,0,0,0,1,0,0,1,0,0,0,0,0,0,tt0398165,6.4
192,Tangled,391639796,48767052,61,10,1,0,0,0,0,1,0,0,1,0,0,1,0,1,1,0,0,1,1,tt0398286,7.7
193,The Island,127130251,12409070,48,15,1,0,0,0,0,0,0,1,0,0,0,0,1,0,0,0,1,0,0,tt0399201,6.8
194,Open Season,115706430,23624548,75,14,0,0,1,0,0,0,0,0,1,0,0,1,0,1,1,0,0,1,0,tt0400717,6.1
195,John Carter,211061000,30180188,52,8,1,0,0,0,0,1,0,1,0,0,0,0,1,0,0,0,1,0,0,tt0401729,6.6
196,Sin City,84630000,28100000,39,15,0,0,0,0,0,0,0,0,0,0,0,0,0,0,0,0,0,0,0,tt0401792,8.0
197,The Exorcism of Emily Rose,70094350,30054300,72,15,0,0,0,0,0,0,0,0,0,0,0,0,1,0,0,1,0,0,0,tt0404032,6.7
198,Million Dollar Baby,116271443,179953,41,16,1,0,0,0,0,0,1,0,0,0,0,0,1,0,0,0,0,0,0,tt0405159,8.1
199,The 40-Year-Old Virgin,67929408,21422815,54,15,0,0,0,0,1,0,0,0,0,1,0,0,0,0,0,0,0,0,1,tt0405422,7.1
200,War of the Worlds,369592765,64878725,65,15,0,0,0,0,0,0,0,0,1,0,0,0,1,0,0,0,1,0,0,tt0407304,6.5
201,The Departed,159080719,26887467,46,14,0,0,0,0,0,0,1,0,0,0,0,0,0,0,0,0,0,0,0,tt0407887,8.5
202,Sweeney Todd: The Demon Barber of Fleet Street,100485554,9300805,59,13,0,1,0,0,0,0,0,0,0,0,0,0,0,0,0,1,0,0,0,tt0408236,7.3
203,Flightplan,133680000,24629938,41,15,0,0,0,0,0,1,0,0,0,0,0,0,1,0,0,0,0,0,0,tt0408790,6.3
204,Poseidon,121000000,22155410,47,14,0,0,0,0,0,0,1,1,0,0,0,0,1,0,0,0,0,0,0,tt0409182,5.7
205,Watchmen,77873014,55214334,66,11,0,0,0,0,0,0,1,1,0,0,0,0,0,0,0,0,1,0,0,tt0409459,7.6
206,Cowboys & Aliens,74581774,36431290,62,9,0,0,0,0,1,0,0,1,0,0,0,0,1,0,0,0,1,0,0,tt0409847,6.0
207,Hellboy II: The Golden Army,92332740,34539115,68,12,0,1,0,0,1,0,0,1,0,0,0,0,1,0,0,1,1,1,0,tt0411477,7.0
208,Evan Almighty,73978426,31192615,60,13,0,1,0,0,1,0,0,0,0,1,0,1,0,0,1,0,0,1,0,tt0413099,5.4
209,Shrek the Third,490647436,121629270,67,13,1,1,0,0,0,0,0,0,1,0,0,1,0,1,1,0,0,1,0,tt0413267,6.1
210,Spider-Man 3,558453070,151116516,80,13,0,1,1,0,0,0,0,1,0,0,0,0,1,0,0,0,1,0,0,tt0413300,6.2
211,Charlotte's Web,65978114,11457353,58,14,0,0,0,0,0,0,0,0,1,0,1,0,0,0,1,0,0,1,0,tt0413895,6.3
212,Talladega Nights: The Ballad of Ricky Bobby,15148718,47042215,39,14,0,1,1,0,0,0,0,0,0,1,0,0,1,0,0,0,0,0,0,tt0415306,6.6
213,The Spiderwick Chronicles,92975274,19004058,68,12,1,0,0,0,0,0,0,1,0,0,0,1,0,0,1,0,0,1,0,tt0416236,6.5
214,300,245453242,70885301,62,13,0,0,0,0,0,0,1,1,0,0,0,0,0,0,0,0,0,0,0,tt0416449,7.6
215,Harry Potter and the Half-Blood Prince,632114344,77835727,63,11,1,1,0,0,0,0,1,1,0,0,0,1,0,0,1,0,0,1,0,tt0417741,7.6
216,Transformers,390463587,70502384,67,13,1,0,0,0,0,0,0,1,0,0,0,0,1,0,0,0,1,0,0,tt0418279,7.0
217,The Curious Case of Benjamin Button,208293460,26853816,62,12,1,0,0,0,0,0,0,0,0,0,0,0,1,0,0,0,0,1,1,tt0421715,7.8
218,Big Momma's House 2,71356989,27736056,60,14,0,1,0,1,0,0,0,0,0,1,0,0,1,0,0,0,0,0,0,tt0421729,4.7
219,Surf's Up,93138019,17640249,74,13,0,0,1,0,0,0,0,0,0,0,0,1,0,1,1,0,0,0,0,tt0423294,6.7
220,Flushed Away,113615882,18814323,60,14,0,0,0,0,0,0,0,0,1,0,0,1,0,1,1,0,0,1,0,tt0424095,6.6
221,Get Smart,100366245,38683480,62,12,1,0,0,0,0,0,1,1,0,0,0,0,1,0,0,0,0,0,0,tt0425061,6.5
222,Hairspray,84681073,27800000,62,13,0,0,0,0,0,0,0,0,0,1,0,1,0,0,0,0,0,0,1,tt0427327,6.6
223,The A-Team,100016697,25669455,58,10,1,0,0,1,0,0,0,1,0,0,0,0,1,0,0,0,0,0,0,tt0429493,6.7
224,Miami Vice,100780826,25723815,66,14,1,0,0,0,1,0,0,1,0,0,0,0,0,0,0,0,0,0,0,tt0430357,6.0
225,P.S. I Love You,103139531,6481221,53,13,0,0,0,0,0,0,1,0,0,1,0,0,1,0,0,0,0,0,1,tt0431308,7.0
226,Resident Evil: Extinction,97069154,23678580,59,13,0,1,0,0,0,0,0,1,0,0,0,0,0,0,0,1,1,0,0,tt0432021,6.3
227,Saw II,60708540,31725652,34,15,0,1,0,0,0,0,0,0,0,0,0,0,0,0,0,1,0,0,0,tt0432348,6.6
228,Real Steel,213800000,27319677,51,9,1,0,0,0,0,1,0,1,0,0,0,0,1,0,0,0,1,0,0,tt0433035,7.1
229,G-Force,173381071,31706934,60,11,0,0,0,0,0,1,0,1,0,0,0,1,0,1,1,0,1,1,0,tt0436339,5.1
230,Alita: Battle Angel,319142333,28525613,49,1,0,1,0,1,0,0,0,1,0,0,0,0,1,0,0,0,1,0,0,tt0437086,7.3
231,Ice Age: The Meltdown,471763885,68033544,72,14,0,1,0,1,0,0,0,0,1,0,0,1,0,1,1,0,0,1,0,tt0438097,6.8
232,Terminator Salvation,246030532,42558390,73,11,0,1,0,0,0,0,1,1,0,0,0,0,1,0,0,0,1,1,0,tt0438488,6.5
233,The Bourne Ultimatum,216628965,69283690,68,13,1,1,0,0,1,0,0,1,0,0,0,0,1,0,0,0,0,0,0,tt0440963,8.0
234,Kung Fu Panda,416311606,60239130,69,12,0,0,0,0,0,0,0,1,0,0,0,1,0,1,1,0,0,0,0,tt0441773,7.5
235,Beowulf,114113166,27515871,61,13,1,0,0,0,0,0,0,1,0,0,0,0,1,1,0,0,0,1,0,tt0442933,6.2
236,Lincoln,93085477,944308,51,8,0,0,0,0,0,1,0,0,0,0,0,0,1,0,0,0,0,0,0,tt0443272,7.3
237,Vantage Point,79773576,22874936,77,12,0,0,1,0,0,0,0,1,0,0,0,0,1,0,0,0,0,0,0,tt0443274,6.6
238,Borat: Cultural Learnings of America for Make Benefit Glorious Nation of Kazakhstan,134046935,26455463,56,14,0,1,0,1,0,0,0,0,0,1,0,0,0,0,0,0,0,0,0,tt0443453,7.3
239,Dreamgirls,52064379,378950,59,14,0,0,0,0,0,0,0,0,0,0,0,0,1,0,0,0,0,0,0,tt0443489,6.5
240,"10,000 BC",175000000,35867488,64,12,0,0,0,0,0,0,1,1,0,0,0,0,1,0,0,0,0,1,0,tt0443649,5.1
241,Blades of Glory,27115799,33014202,36,13,0,0,0,0,0,0,0,0,0,1,0,0,1,0,0,0,0,0,0,tt0445934,6.3
242,Knowing,103700864,24604751,57,13,1,0,0,0,0,0,0,1,0,0,0,0,1,0,0,0,1,0,0,tt0448011,6.2
243,Shazam!,225600000,53505326,45,1,0,0,0,0,0,0,1,1,0,0,0,0,1,0,0,0,0,1,0,tt0448115,7.1
244,Hancock,401497154,62603879,79,12,0,0,1,0,0,0,0,1,0,0,0,0,1,0,0,0,0,1,0,tt0448157,6.4
245,Puss in Boots,405726973,34077439,53,9,0,0,0,0,0,0,0,0,1,0,0,1,0,1,1,0,0,1,0,tt0448694,6.6
246,Eragon,175395349,23239907,71,14,1,0,0,1,0,0,0,1,0,0,0,1,0,0,1,0,0,1,0,tt0449010,5.1
247,Pirates of the Caribbean: At World's End,651576067,114732820,62,13,0,1,0,0,0,1,0,1,0,0,0,0,1,0,0,0,0,1,0,tt0449088,7.1
248,Blood Diamond,114342482,8648324,44,14,0,0,0,0,0,0,1,0,1,0,0,0,0,0,0,0,0,0,0,tt0450259,8.0
249,Wonder Woman,409283604,103251471,44,3,0,0,0,0,0,0,1,1,0,0,0,0,1,0,0,0,1,1,0,tt0451279,7.4
250,The Break-Up,86964935,39172785,61,14,0,0,0,0,1,0,0,0,0,1,0,0,1,0,0,0,0,0,1,tt0452594,5.8
251,Mr. Bean's Holiday,198923741,9889780,68,13,0,0,0,0,1,0,0,0,0,1,1,0,0,0,1,0,0,0,0,tt0453451,6.4
252,Deja Vu,116518934,20574802,39,14,0,0,0,0,0,1,0,1,0,0,0,0,1,0,0,0,1,0,0,tt0453467,7.0
253,Inside Man,97490096,28954945,62,14,0,0,0,0,1,0,0,0,0,0,0,0,0,0,0,0,0,0,0,tt0454848,7.6
254,Life of Pi,484029542,22451514,55,8,1,0,0,1,0,0,0,0,1,0,0,1,0,0,0,0,0,1,0,tt0454876,7.9
255,The Pursuit of Happyness,143561166,26541709,75,14,0,0,1,0,0,0,0,0,0,0,0,0,1,0,0,0,0,0,0,tt0454921,8.0
256,Garfield: A Tail of Two Kitties,114899223,7288977,71,14,0,1,0,1,0,0,0,0,1,0,0,1,0,1,1,0,0,0,0,tt0455499,5.0
257,Australia,162233509,14800723,77,12,0,0,0,1,0,0,0,0,1,0,0,0,1,0,0,0,0,0,1,tt0455824,6.6
258,The Equalizer,90800000,34137828,59,6,1,0,1,0,0,0,0,1,0,0,0,0,0,0,0,0,0,0,0,tt0455944,7.2
259,The Holiday,142617036,12778913,64,14,0,0,1,0,0,0,0,0,0,1,0,0,1,0,0,0,0,0,1,tt0457939,6.9
260,Captain America: The First Avenger,193915269,65058524,64,9,0,1,0,0,0,0,0,1,0,0,0,0,1,0,0,0,1,0,0,tt0458339,6.9
261,The Devil Wears Prada,201965442,27537244,72,14,1,0,0,1,0,0,0,0,0,1,0,0,1,0,0,0,0,0,0,tt0458352,6.9
262,X-Men Origins: Wolverine,193179707,85058003,75,11,0,1,0,1,0,0,0,1,0,0,0,0,1,0,0,0,1,0,0,tt0458525,6.6
263,Enchanted,212680390,34440317,61,13,0,0,0,0,0,1,0,0,0,0,0,1,0,1,1,0,0,1,1,tt0461770,7.0
264,The Simpsons Movie,353279256,74036787,72,13,1,0,0,1,0,0,0,0,1,0,0,0,1,1,0,0,0,0,0,tt0462538,7.3
265,The Fast and the Furious: Tokyo Drift,96450195,23973840,65,14,0,1,0,0,1,0,0,1,0,0,0,0,1,0,0,0,0,0,0,tt0463985,6.0
266,National Treasure: Book of Secrets,239278134,44783772,62,13,0,1,0,0,0,1,0,1,0,0,0,1,0,0,0,0,0,0,0,tt0465234,6.5
267,Juno,88877416,413869,57,13,0,0,0,0,0,0,0,0,0,1,0,0,1,0,0,0,0,0,0,tt0467406,7.4
268,The Dark Knight,470221464,158411483,63,12,0,1,0,0,0,0,1,1,0,0,0,0,1,0,0,0,0,0,0,tt0468569,9.0
269,World Trade Center,92968305,18730762,65,14,0,0,0,0,0,0,0,0,0,0,0,0,1,0,0,0,0,0,0,tt0469641,5.9
270,Tower Heist,74884053,24025190,52,9,0,0,0,0,1,0,0,1,0,0,0,0,1,0,0,0,0,0,0,tt0471042,6.2
271,The Smurfs,421135165,35611637,81,9,0,0,1,0,0,0,0,0,1,0,0,1,0,1,1,0,0,1,0,tt0472181,5.4
272,Prince of Persia: The Sands of Time,245606000,30095259,59,11,0,1,0,0,0,1,0,1,0,0,0,0,1,0,0,0,0,1,0,tt0473075,6.6
273,Norbit,64140883,34195434,63,13,0,0,0,0,0,0,0,0,0,1,0,0,1,0,0,0,0,0,1,tt0477051,4.1
274,Unstoppable,86242524,22688457,67,10,0,0,0,1,0,0,0,1,0,0,0,0,1,0,0,0,0,0,0,tt0477080,6.8
275,Night at the Museum,323617573,30433781,71,14,1,0,0,1,0,0,0,0,1,0,0,1,0,0,1,0,0,1,0,tt0477347,6.4
276,No Country for Old Men,97343541,1202000,65,13,1,0,0,0,0,0,0,0,0,0,0,0,0,0,0,0,0,0,0,tt0477348,8.1
277,21,78649005,24105943,74,12,1,0,1,0,0,0,0,0,0,0,0,0,1,0,0,0,0,0,0,tt0478087,6.8
278,Knocked Up,71153500,30690990,61,13,0,0,0,0,1,0,0,0,0,1,0,0,0,0,0,0,0,0,1,tt0478311,6.9
279,Ant-Man,339109802,57225526,61,5,0,0,0,0,0,1,0,1,0,0,0,0,1,0,0,0,1,0,0,tt0478970,7.3
280,Rocky Balboa,85658077,12158168,69,14,0,1,0,0,0,0,0,1,0,0,0,1,0,0,0,0,0,0,0,tt0479143,7.1
281,Madagascar: Escape 2 Africa,423889404,63106589,67,12,0,1,0,0,0,0,0,0,1,0,0,1,0,1,1,0,0,0,0,tt0479952,6.6
282,I Am Legend,329017042,77211321,61,13,0,0,0,0,0,0,1,1,0,0,0,0,1,0,0,0,1,0,0,tt0480249,7.2
283,The Croods,400036243,43639736,55,7,0,0,0,1,0,0,0,0,1,0,0,1,0,1,1,0,0,1,0,tt0481499,7.2
284,Fantastic 4: Rise of the Silver Surfer,169991393,58051684,73,13,0,1,0,1,0,0,0,1,0,0,0,1,0,0,0,0,1,1,0,tt0486576,5.6
285,Wild Hogs,85351877,39699023,62,13,0,0,0,0,0,1,0,1,0,0,0,0,1,0,0,0,0,0,0,tt0486946,5.8
286,Jumper,144959985,27354808,73,12,1,0,0,1,0,0,0,1,0,0,0,0,1,0,0,0,1,0,0,tt0489099,6.1
287,Saw III,84635551,33610391,36,14,0,1,0,0,0,0,0,0,0,0,0,0,0,0,0,1,0,0,0,tt0489270,6.2
288,The Game Plan,57232341,22950971,45,13,0,0,0,0,0,1,0,0,0,1,0,1,0,0,1,0,0,0,0,tt0492956,6.1
289,Wanted,207954512,50927085,69,12,0,0,0,0,1,0,0,1,0,0,0,0,0,0,0,0,0,0,0,tt0493464,6.7
290,Ocean's Thirteen,194157900,36133403,61,13,0,1,0,0,0,0,1,1,0,0,0,0,1,0,0,0,0,0,0,tt0496806,6.9
291,The Chronicles of Narnia: Prince Caspian,278044078,55034805,63,12,1,1,0,0,0,1,0,1,0,0,0,1,0,0,1,0,0,1,0,tt0499448,6.5
292,Avatar,2029931467,77025481,77,11,0,0,0,1,0,0,0,1,0,0,0,0,1,0,0,0,1,1,0,tt0499549,7.8
293,Music and Lyrics,95323833,13623630,57,13,0,0,0,0,0,0,1,0,0,1,0,0,1,0,0,0,0,0,1,tt0758766,6.5
294,I Now Pronounce You Chuck & Larry,67074561,34233750,60,13,0,0,0,0,1,0,0,0,0,1,0,0,1,0,0,0,0,0,1,tt0762107,5.9
295,American Gangster,139590785,43565135,68,13,0,0,0,0,1,0,0,0,0,0,0,0,0,0,0,0,0,0,0,tt0765429,7.8
296,Man of Steel,377000000,116619362,54,7,0,1,0,0,0,0,1,1,0,0,0,0,1,0,0,0,1,0,0,tt0770828,7.0
297,The Wolfman,77810085,31479235,58,10,0,0,0,0,1,0,0,0,0,0,0,0,0,0,0,1,0,1,0,tt0780653,5.8
298,Jack Reacher,138269859,15210156,54,8,1,0,0,0,0,0,0,1,0,0,0,0,1,0,0,0,0,0,0,tt0790724,7.0
299,Mamma Mia!,465743920,27751240,68,12,0,0,0,0,1,0,0,0,0,1,0,0,1,0,0,0,0,0,1,tt0795421,6.4
300,Star Trek,127950427,75204289,65,11,1,1,0,0,0,0,0,1,0,0,0,0,1,0,0,0,1,0,0,tt0796366,7.9
301,The Incredible Hulk,129964083,55414050,70,12,0,0,0,0,1,0,0,1,0,0,0,0,1,0,0,0,1,0,0,tt0800080,6.7
302,Clash of the Titans,330000105,61235105,59,10,1,0,0,0,0,0,1,1,0,0,0,0,1,0,0,0,0,1,0,tt0800320,5.8
303,Thor,268295994,65723338,66,9,0,0,0,0,0,0,0,1,0,0,0,0,1,0,0,0,0,1,0,tt0800369,7.0
304,Warcraft,391683624,24166110,66,4,0,0,0,0,1,0,0,1,0,0,0,0,1,0,0,0,0,1,0,tt0803096,6.8
305,Angels & Demons,352554970,46204168,79,11,1,1,1,0,0,0,0,1,0,0,0,0,1,0,0,0,0,0,0,tt0808151,6.7
306,Jack and Jill,75515631,25003575,50,9,0,0,1,0,0,0,0,0,0,1,0,1,0,0,0,0,0,0,0,tt0810913,3.3
307,Percy Jackson & the Olympians: The Lightning Thief,137728906,31236067,60,10,1,1,0,1,0,0,0,0,1,0,0,1,0,0,1,0,0,1,0,tt0814255,5.9
308,Seven Pounds,99797105,14851136,77,12,0,0,1,0,0,0,0,0,0,0,0,0,1,0,0,0,0,0,0,tt0814314,7.6
309,Interstellar,508238152,47510360,63,6,0,0,0,0,0,0,0,0,1,0,0,0,1,0,0,0,1,0,0,tt0816692,8.6
310,World War Z,337648165,66411834,53,7,1,0,0,0,0,0,0,1,0,0,0,0,1,0,0,1,1,0,0,tt0816711,7.0
311,Valentine's Day,106000000,56260707,58,10,0,0,0,0,0,0,1,0,0,1,0,0,1,0,0,0,0,0,1,tt0817230,5.7
312,Marley & Me,112589342,36357586,75,12,1,0,0,1,0,0,0,0,0,1,0,1,0,0,1,0,0,0,0,tt0822832,7.1
313,The Bucket List,81906000,335837,59,13,0,0,0,0,0,0,1,0,0,1,0,0,1,0,0,0,0,0,0,tt0825232,7.4
314,Dracula Untold,160843925,23514615,57,6,1,0,0,0,1,0,0,1,0,0,0,0,1,0,0,1,0,1,0,tt0829150,6.3
315,Superbad,49349300,33052411,58,13,0,0,1,0,0,0,0,0,0,1,0,0,0,0,0,0,0,0,0,tt0829482,7.6
316,Quantum of Solace,421212055,67528882,81,12,1,1,1,0,0,0,0,1,0,0,0,0,1,0,0,0,0,0,0,tt0830515,6.6
317,Godzilla,324300000,93188384,55,6,0,0,0,0,0,0,1,1,0,0,0,0,1,0,0,0,1,0,0,tt0831387,6.4
318,Hotel Transylvania,210062555,42522194,57,8,0,0,1,0,0,0,0,0,0,0,0,1,0,1,1,0,0,1,0,tt0837562,7.1
319,The Town,61839874,23808032,50,10,1,0,0,0,0,0,1,0,0,0,0,0,0,0,0,0,0,0,0,tt0840361,7.5
320,Cloudy with a Chance of Meatballs,118135851,30304648,76,11,1,0,1,0,0,0,0,0,1,0,0,1,0,1,1,0,1,1,0,tt0844471,6.9
321,The Avengers,895457605,207438708,60,8,1,0,0,0,0,1,0,1,0,0,0,0,1,0,0,0,1,0,0,tt0848228,8.0
322,Epic,160907952,33531068,53,7,1,0,0,1,0,0,0,0,1,0,0,1,0,1,1,0,0,1,0,tt0848537,6.7
323,The Mummy: Tomb of the Dragon Emperor,300958054,40457770,70,12,0,1,0,0,1,0,0,1,0,0,0,0,1,0,0,1,0,1,0,tt0859163,5.2
324,Mr. Peabody & Sherman,164191609,32207057,55,6,1,0,0,1,0,0,0,0,1,0,0,1,0,1,1,0,1,0,0,tt0864835,6.8
325,The Blind Side,53248834,34119372,33,11,0,0,0,0,0,0,1,0,0,0,0,0,1,0,0,0,0,0,0,tt0878804,7.6
326,Eat Pray Love,124020006,23104523,65,10,0,0,1,0,0,0,0,0,0,0,0,0,1,0,0,0,0,0,1,tt0879870,5.8
327,Burn After Reading,103373555,19128001,61,12,0,0,0,0,0,0,0,0,0,1,0,0,0,0,0,0,0,0,0,tt0887883,7.0
328,Brüno,78751301,30619130,43,11,0,0,0,0,1,0,0,0,0,1,0,0,0,0,0,0,0,0,0,tt0889583,5.8
329,Saw IV,76052538,31756764,52,13,0,1,0,0,0,0,0,0,0,0,0,0,0,0,0,1,0,0,0,tt0890870,5.9
330,How to Train Your Dragon,277297528,43732319,59,10,1,0,0,0,0,0,0,1,0,0,0,1,0,1,1,0,0,1,0,tt0892769,8.1
331,Monsters vs. Aliens,183158344,59321095,67,11,0,0,0,0,0,0,0,1,0,0,0,1,0,1,1,0,1,0,0,tt0892782,6.4
332,Shrek Forever After,513864080,70838207,60,10,1,1,0,0,0,0,0,0,1,0,0,1,0,1,1,0,0,1,1,tt0892791,6.3
333,The Hobbit: An Unexpected Journey,714000000,84617303,56,8,1,1,0,0,0,0,1,0,1,0,0,0,1,0,0,0,0,1,0,tt0903624,7.8
334,The Legend of Tarzan,230057296,38527856,38,4,1,0,0,0,0,0,1,1,0,0,0,0,1,0,0,0,0,1,1,tt0918940,6.2
335,Harry Potter and the Deathly Hallows: Part 1,680617869,125017372,69,10,0,1,0,0,0,0,1,0,1,0,0,0,1,0,1,0,0,1,0,tt0926084,7.7
336,Taken,81836771,24717037,61,12,0,0,0,1,0,0,0,1,0,0,0,0,1,0,0,0,0,0,0,tt0936501,7.8
337,The Last Airbender,187941694,40325019,60,10,1,0,0,0,0,0,0,1,0,0,0,1,0,0,1,0,0,1,0,tt0938283,4.0
338,Tropic Thunder,85187498,25812796,65,12,0,0,0,0,0,0,0,1,0,0,0,0,0,0,0,0,0,0,0,tt0942385,7.0
339,Salt,175191986,36011243,62,10,0,0,1,0,0,0,0,1,0,0,0,0,1,0,0,0,0,0,0,tt0944835,6.4
340,Source Code,92620470,14812094,51,9,0,0,0,0,0,0,0,1,0,0,0,0,1,0,0,0,1,0,0,tt0945513,7.5
341,Black Swan,222443368,1443809,56,10,0,0,0,0,0,0,0,0,0,0,0,0,0,0,0,0,0,0,0,tt0947798,8.0
342,Green Zone,119657778,14309295,33,11,0,0,0,0,1,0,0,1,0,0,0,0,0,0,0,0,0,0,0,tt0947810,6.8
343,The Amazing Spider-Man,495900000,62004688,58,8,0,1,1,0,0,0,0,1,0,0,0,0,1,0,0,0,1,0,0,tt0948470,6.9
344,The Happening,98896925,30517109,74,12,0,0,0,1,0,0,0,0,0,0,0,0,0,0,0,0,1,0,0,tt0949731,5.0
345,Alvin and the Chipmunks,148025572,44307417,71,13,1,0,0,1,0,0,0,0,1,0,0,1,0,1,1,0,0,1,0,tt0952640,5.2
346,Robin Hood,216400011,36063385,59,10,1,0,0,0,1,0,0,1,0,0,0,0,1,0,0,0,0,0,0,tt0955308,6.6
347,You Don't Mess with the Zohan,104294563,38531374,65,12,0,0,1,0,0,0,0,0,0,1,0,0,1,0,0,0,0,0,0,tt0960144,5.5
348,Bedtime Stories,102772889,27450296,60,12,0,0,0,0,0,1,0,0,0,1,0,1,0,0,1,0,0,1,1,tt0960731,6.0
349,High School Musical 3,162349761,42030184,61,12,0,0,0,0,0,1,0,0,0,1,1,0,0,0,1,0,0,0,1,tt0962726,4.8
350,The Sorcerer's Apprentice,152132751,17619622,60,10,0,0,0,0,0,1,0,1,0,0,0,1,0,0,1,0,0,1,0,tt0963966,6.1
351,Hugo,111905653,11364505,48,9,1,0,0,0,0,0,0,0,0,0,0,1,0,0,1,0,0,1,0,tt0970179,7.5
352,The Day the Earth Stood Still,153726881,30480153,75,12,0,0,0,1,0,0,0,0,0,0,0,0,1,0,0,0,1,0,0,tt0970416,5.5
353,Little Fockers,162211985,30833665,57,10,0,1,0,0,1,0,0,0,0,1,0,0,1,0,0,0,0,0,1,tt0970866,5.5
354,Justice League,428902692,93842239,43,3,0,0,0,0,0,0,1,1,0,0,0,0,1,0,0,0,1,1,0,tt0974015,6.3
355,The Chronicles of Narnia: The Voyage of the Dawn Treader,311299267,24005069,75,10,0,1,0,1,0,0,0,0,1,0,0,1,0,0,1,0,0,1,0,tt0980970,6.3
356,The Adventures of Tintin,296402120,9720993,61,9,0,0,0,0,0,0,0,1,0,0,0,1,0,1,1,0,0,0,0,tt0983193,7.3
357,Valkyrie,118467684,21027007,76,12,0,0,0,0,0,0,0,0,0,0,0,0,1,0,0,0,0,0,0,tt0985699,7.1
358,Sherlock Holmes,315000000,62304277,59,11,1,0,0,0,0,0,1,1,0,0,0,0,1,0,0,0,0,0,0,tt0988045,7.6
359,27 Dresses,85846697,23007725,68,12,0,0,0,1,0,0,0,0,0,1,0,0,1,0,0,0,0,0,1,tt0988595,6.1
360,The Green Hornet,129037206,33526876,76,9,1,0,1,0,0,0,0,1,0,0,0,0,1,0,0,0,0,0,0,tt0990407,5.8
361,The Wolf of Wall Street,275100000,18361578,49,7,0,0,0,0,0,0,0,0,0,0,0,0,0,0,0,0,0,0,0,tt0993846,8.2
362,Sex and the City,266118063,57038404,67,12,1,0,0,0,0,0,1,0,0,1,0,0,0,0,0,0,0,0,1,tt1000774,5.6
363,He's Just Not That Into You,84912505,27785487,60,11,1,0,0,0,0,0,1,0,0,1,0,0,1,0,0,0,0,0,1,tt1001508,6.4
364,Megamind,173469912,46016833,57,10,0,0,0,0,0,0,0,1,0,0,0,1,0,1,1,0,1,0,0,tt1001526,7.2
365,Slumdog Millionaire,237090185,360018,69,12,0,0,0,0,0,0,0,0,0,0,0,0,0,0,0,0,0,0,1,tt1010048,8.0
366,Fast & Furious,205300000,70950500,65,11,0,1,0,0,1,0,0,1,0,0,0,0,1,0,0,0,0,0,0,tt1013752,6.6
367,Alice in Wonderland,691276693,116101023,60,10,1,0,0,0,0,1,0,0,1,0,0,1,0,0,1,0,0,1,0,tt1014759,6.4
368,Beverly Hills Chihuahua,54778086,29300465,51,12,0,0,0,0,0,1,0,0,1,0,0,1,0,0,1,0,0,0,1,tt1014775,3.8
369,Step Up 2: The Streets,92970599,18908826,46,12,0,1,0,0,0,1,0,0,0,0,0,0,1,0,0,0,0,0,1,tt1023481,6.2
370,Argo,96300000,19458109,51,8,0,0,0,0,0,0,1,0,0,0,0,0,0,0,0,0,0,0,0,tt1024648,7.7
371,Gemini Man,124922746,20552372,57,1,0,0,0,0,0,0,0,1,0,0,0,0,1,0,0,0,1,0,0,tt1025100,5.7
372,The Descendants,94659025,1190096,51,9,1,0,0,0,0,0,0,0,0,1,0,0,0,0,0,0,0,0,0,tt1033575,7.3
373,What Happens in Vegas,139097916,20172474,73,12,0,0,0,1,0,0,0,0,0,1,0,0,1,0,0,0,0,0,1,tt1033643,6.1
374,The Book of Eli,62272696,32789494,51,10,0,0,0,0,0,0,1,1,0,0,0,0,0,0,0,0,0,0,0,tt1037705,6.9
375,The Proposal,153417000,33627598,61,11,0,0,0,0,0,1,0,0,0,1,0,0,1,0,0,0,0,0,1,tt1041829,6.7
376,Silver Linings Playbook,104319495,443003,47,8,1,0,0,0,0,0,0,0,0,1,0,0,0,0,0,0,0,0,1,tt1045658,7.7
377,G.I. Joe: The Rise of Cobra,152267519,54713046,66,11,0,1,0,0,0,0,0,1,0,0,0,0,1,0,0,0,1,0,0,tt1046173,5.8
378,Up,442094938,68108790,62,11,0,0,0,0,0,1,0,0,1,0,0,1,0,1,1,0,0,0,0,tt1049413,8.2
379,Goosebumps,78180573,23618556,62,5,1,0,1,0,0,0,0,0,1,0,0,1,0,0,1,1,0,1,0,tt1051904,6.3
380,Transformers: Revenge of the Fallen,434191823,108966307,66,11,1,1,0,0,0,0,0,1,0,0,0,0,1,0,0,0,1,0,0,tt1055369,6.0
381,Eagle Eye,77326640,29150721,67,12,0,0,0,0,0,0,0,1,0,0,0,0,1,0,0,0,0,0,0,tt1059786,6.6
382,Cloverfield,92345747,40058229,65,12,0,0,0,0,0,0,0,1,0,0,0,0,1,0,0,1,1,0,0,tt1060277,7.0
383,A Christmas Carol,187430783,30051075,59,11,0,0,0,0,0,1,0,0,0,0,0,1,0,1,1,0,0,1,0,tt1067106,6.8
384,Yes Man,125550661,18262471,62,12,1,0,0,0,0,0,1,0,0,1,0,0,1,0,0,0,0,0,1,tt1068680,6.8
385,Skyfall,804200736,88364714,57,8,1,1,1,0,0,0,0,1,0,0,0,0,1,0,0,0,0,0,0,tt1074638,7.7
386,Dark Shadows,165800000,29685274,53,8,1,0,0,0,0,0,1,0,0,1,0,0,1,0,0,1,0,1,0,tt1077368,6.2
387,Night at the Museum: Battle of the Smithsonian,235862449,54173286,65,11,1,1,0,1,0,0,0,0,1,0,0,1,0,0,1,0,0,1,0,tt1078912,6.0
388,Couples Retreat,62639895,34286740,56,11,0,0,0,0,1,0,0,0,0,1,0,0,1,0,0,0,0,0,0,tt1078940,5.5
389,Ice Age: Dawn of the Dinosaurs,690113112,41690382,65,11,0,1,0,1,0,0,0,0,1,0,0,1,0,1,1,0,0,1,0,tt1080016,6.9
390,Lone Survivor,29707311,90872,45,7,0,0,0,0,1,0,0,1,0,0,0,0,0,0,0,0,0,0,0,tt1091191,7.5
391,Twilight,214467942,69637740,57,12,1,0,0,0,0,0,0,0,0,0,0,0,1,0,0,0,0,1,1,tt1099212,5.2
392,TRON: Legacy,228000000,44026211,61,10,0,1,0,0,0,1,0,1,0,0,0,1,0,0,0,0,1,0,0,tt1104001,6.8
393,Paddington,206105718,18966676,56,6,1,0,0,0,0,0,0,0,1,0,0,1,0,0,1,0,0,1,0,tt1109624,7.2
394,The Taking of Pelham 123,84713814,23373102,79,11,0,0,1,0,0,0,0,1,0,0,0,0,0,0,0,0,0,0,0,tt1111422,6.4
395,Paul Blart: Mall Cop,37012251,31832636,47,11,0,1,1,0,0,0,0,1,0,0,0,1,0,0,1,0,0,0,0,tt1114740,5.2
397,The Hangover,191988333,44979319,59,11,0,0,0,0,0,0,1,0,0,1,0,0,0,0,0,0,0,0,0,tt1119646,7.7
398,Shutter Island,166791261,41062440,59,10,1,0,0,0,0,0,0,0,0,0,0,0,0,0,0,0,0,0,0,tt1130884,8.2
399,Green Lantern,103250000,53174303,55,9,0,0,0,0,0,0,1,1,0,0,0,0,1,0,0,0,1,0,0,tt1133985,5.5
400,District 9,95242715,37354308,61,11,0,0,0,0,0,0,0,1,0,0,0,0,0,0,0,0,1,0,0,tt1136608,7.9
401,The Ugly Truth,232767386,27605576,76,11,0,0,1,0,0,0,0,0,0,1,0,0,0,0,0,0,0,0,1,tt1142988,6.4
402,The Final Destination,119689439,27408309,55,11,0,1,0,0,0,0,1,0,0,0,0,0,0,0,0,1,0,0,0,tt1144884,5.2
403,Public Enemies,117000000,25271675,60,11,1,0,0,0,1,0,0,0,0,0,0,0,0,0,0,0,0,0,0,tt1152836,7.0
404,The Karate Kid,182534404,55665805,59,10,0,0,1,0,0,0,0,1,0,0,0,1,0,0,1,0,0,0,0,tt1155076,6.2
405,The Hobbit: The Desolation of Smaug,700000000,73645197,54,7,1,1,0,0,0,0,1,0,1,0,0,0,1,0,0,0,0,1,0,tt1170358,7.8
406,Paranormal Activity,85436990,77873,49,11,0,0,0,0,0,0,0,0,0,0,0,0,0,0,0,1,0,0,0,tt1179904,6.3
407,2012,625105659,65237614,74,11,0,0,1,0,0,0,0,1,0,0,0,0,1,0,0,0,1,0,0,tt1190080,5.8
408,Rango,122246996,38079323,61,9,0,0,0,0,0,0,0,0,1,0,0,1,0,1,1,0,0,0,0,tt1192628,7.2
409,Up in the Air,83019358,1181450,58,11,1,0,0,0,0,0,0,0,0,1,0,0,0,0,0,0,0,0,1,tt1193138,7.4
410,Step Up 3D,116891586,15812311,48,10,0,1,0,0,0,1,0,0,0,0,0,0,1,0,0,0,0,0,1,tt1193631,6.2
411,The Bourne Legacy,162940880,38142825,55,8,1,1,0,0,1,0,0,1,0,0,0,0,1,0,0,0,0,0,0,tt1194173,6.7
412,Harry Potter and the Deathly Hallows: Part 2,960783523,169189427,60,9,0,1,0,0,0,0,1,0,1,0,0,0,1,0,0,0,0,1,0,tt1201607,8.1
413,The Muppets,76553000,29239026,44,9,1,1,0,0,0,1,0,0,1,0,0,1,0,0,1,0,0,0,0,tt1204342,7.1
414,Gran Torino,121862926,271720,58,12,0,0,0,0,0,0,1,0,0,0,0,0,0,0,0,0,0,0,0,tt1205489,8.1
415,The Lone Ranger,171200000,29210849,53,7,1,0,0,0,0,1,0,1,0,0,0,0,1,0,0,0,0,0,0,tt1210819,6.4
416,Doctor Strange,445154156,85058311,52,4,0,0,0,0,0,1,0,1,0,0,0,0,1,0,0,0,1,1,0,tt1211837,7.5
417,Cars 2,368400000,66135507,73,9,0,1,0,0,0,1,0,0,1,0,1,0,0,1,1,0,0,0,0,tt1216475,6.1
418,Brave,301700000,66323594,54,8,0,0,0,0,0,1,0,0,1,0,0,1,0,1,1,0,0,1,0,tt1217209,7.1
419,Battle Los Angeles,128266925,35573187,75,9,0,0,1,0,0,0,0,1,0,0,0,0,1,0,0,0,1,0,0,tt1217613,5.7
420,Limitless,82600000,18907302,49,9,1,0,0,0,0,0,0,0,0,0,0,0,1,0,0,0,1,0,0,tt1219289,7.4
421,Legend of the Guardians: The Owls of Ga'Hoole,84398077,16112211,56,10,1,1,0,0,0,0,1,1,0,0,0,1,0,1,1,0,0,1,0,tt1219342,6.9
422,Ghost in the Shell,129238364,18676033,57,3,0,0,0,0,0,0,0,1,0,0,0,0,1,0,0,0,1,0,0,tt1219827,6.3
423,Resident Evil: Afterlife,240099518,26650264,58,10,0,1,0,0,0,0,0,1,0,0,0,0,0,0,0,1,1,0,0,tt1220634,5.8
424,Zookeeper,89491916,20065617,69,9,0,0,1,0,0,0,0,0,0,1,0,1,0,0,1,0,0,1,1,tt1222817,5.2
425,Iron Man 2,311500000,128122480,66,10,0,1,0,0,0,0,0,1,0,0,0,0,1,0,0,0,1,0,0,tt1228705,7.0
426,Mission: Impossible - Ghost Protocol,485315477,12785204,53,9,0,1,0,0,0,0,0,1,0,0,0,0,1,0,0,0,0,0,0,tt1229238,7.4
427,Anchorman 2: The Legend Continues,46297224,26232425,19,7,0,1,0,0,0,0,0,0,0,1,0,0,1,0,0,0,0,0,0,tt1229340,6.3
428,It's Complicated,106368280,22100820,59,11,0,0,0,0,1,0,0,0,0,1,0,0,0,0,0,0,0,0,1,tt1230414,6.5
429,Alvin and the Chipmunks: The Squeakquel,223525393,48875415,58,11,1,1,0,1,0,0,0,0,1,0,0,1,0,1,1,0,0,1,0,tt1231580,4.5
430,Due Date,111241781,32689406,58,10,0,0,0,0,0,0,1,0,0,1,0,0,0,0,0,0,0,0,0,tt1231583,6.5
431,21 Jump Street,63137661,36302612,48,8,1,0,1,0,0,0,0,1,0,0,0,0,0,0,0,0,0,0,0,tt1232829,7.2
432,RoboCop,184081958,21681430,55,6,0,0,1,0,0,0,0,1,0,0,0,0,1,0,0,0,1,0,0,tt1234721,6.1
433,The Tourist,211149284,16472458,69,10,0,0,1,0,0,0,0,1,0,0,0,0,1,0,0,0,0,0,1,tt1243957,6.0
434,RED,108626225,21761408,56,10,0,0,0,0,0,0,0,1,0,0,0,0,1,0,0,0,0,0,0,tt1245526,7.0
435,300: Rise of an Empire,231000000,45038460,53,6,0,1,0,0,0,0,1,1,0,0,0,0,0,0,0,0,0,0,0,tt1253863,6.2
436,Immortals,143400000,32206425,49,9,1,0,0,0,0,0,0,1,0,0,0,0,0,0,0,0,0,1,1,tt1253864,6.0
437,The Twilight Saga: New Moon,413209228,142839137,58,11,1,1,0,0,0,0,0,0,1,0,0,0,1,0,0,0,0,1,1,tt1259571,4.7
438,Sex and the City 2,195397363,31001870,57,10,1,1,0,0,0,0,1,0,0,1,0,0,0,0,0,0,0,0,1,tt1261945,4.5
439,Hercules,172131248,29800263,54,6,1,0,0,0,0,0,0,1,0,0,0,0,1,0,0,0,0,1,0,tt1267297,6.0
440,Venom,642569645,80255756,75,2,1,0,1,0,0,0,0,1,0,0,0,0,1,0,0,0,1,0,0,tt1270797,6.7
441,X-Men: First Class,206208385,55101604,63,9,0,1,0,1,0,0,0,1,0,0,0,0,1,0,0,0,1,0,0,tt1270798,7.7
442,Looper,110020614,20801552,48,8,0,0,0,0,0,0,0,1,0,0,0,0,0,0,0,0,1,0,0,tt1276104,7.4
443,Madagascar 3: Europe's Most Wanted,530529792,60316738,55,8,0,1,0,0,0,0,0,0,1,0,0,1,0,1,1,0,0,0,0,tt1277953,6.8
444,Date Night,53552476,25207599,52,10,0,0,0,1,0,0,0,0,0,1,0,0,1,0,0,0,0,0,1,tt1279935,6.3
445,Bad Teacher,115904636,31603106,65,9,0,0,1,0,0,0,0,0,0,1,0,0,0,0,0,0,0,0,1,tt1284575,5.6
446,The Social Network,127957621,22445653,73,10,0,0,1,0,0,0,0,0,0,0,0,0,1,0,0,0,0,0,0,tt1285016,7.7
447,Ghostbusters,100796935,46018755,66,4,0,1,1,0,0,0,0,1,0,0,0,0,1,0,0,0,1,1,0,tt1289401,5.2
448,Teenage Mutant Ninja Turtles,293800000,65575105,55,6,1,0,0,0,0,0,0,1,0,0,0,0,1,0,0,0,1,0,0,tt1291150,5.8
449,xXx: Return of Xander Cage,301219864,20130142,55,3,0,1,0,0,0,0,0,1,0,0,0,0,1,0,0,0,0,0,0,tt1293847,5.2
450,Pirates of the Caribbean: On Stranger Tides,804642000,90151958,75,9,0,1,0,0,0,1,0,1,0,0,0,0,1,0,0,0,0,1,0,tt1298650,6.6
451,Iron Man 3,805797258,174144585,54,7,0,1,0,0,0,1,0,1,0,0,0,0,1,0,0,0,1,0,0,tt1300854,7.2
452,Kung Fu Panda 2,500443218,47656302,65,9,0,1,0,0,0,0,0,1,0,0,0,1,0,1,1,0,0,1,0,tt1302011,7.2
453,Yogi Bear,103263363,16411322,55,10,1,0,0,0,0,0,1,0,1,0,0,1,0,1,1,0,0,0,0,tt1302067,4.6
454,Rise of the Planet of the Apes,305040688,54806191,64,9,0,0,0,1,0,0,0,1,0,0,0,0,1,0,0,0,1,0,0,tt1318514,7.6
455,The Expendables,171401870,34825135,53,10,0,0,0,0,0,0,0,1,0,0,0,0,0,0,0,0,0,0,0,tt1320253,6.5
456,Gulliver's Travels,194603463,6307691,61,10,1,0,0,1,0,0,0,0,1,0,0,1,0,0,1,0,0,1,0,tt1320261,4.9
457,Despicable Me,291600000,56397125,60,10,0,0,0,0,1,0,0,0,0,0,0,1,0,1,1,0,0,1,0,tt1323594,7.6
458,The Twilight Saga: Breaking Dawn - Part 1,430918723,138122261,49,9,0,1,0,0,0,0,0,0,1,0,0,0,1,0,0,0,0,1,1,tt1324999,4.9
459,The Twilight Saga: Eclipse,397959596,64832191,57,10,1,1,0,0,0,0,0,0,1,0,0,0,1,0,0,0,0,1,1,tt1325004,5.0
460,Lee Daniels' The Butler,60681700,24637312,43,7,0,0,0,0,0,0,0,0,0,0,0,0,1,0,0,0,0,0,0,tt1327773,7.2
461,47 Ronin,113421364,9910310,48,7,0,0,0,0,1,0,0,1,0,0,0,0,1,0,0,0,0,1,0,tt1335975,6.3
462,Terminator Genisys,350842581,27018486,60,5,0,0,0,0,0,0,0,1,0,0,0,0,1,0,0,0,1,1,0,tt1340138,6.3
463,The Great Gatsby,208801476,50085185,55,7,1,0,0,0,0,0,1,0,0,0,0,0,1,0,0,0,0,0,1,tt1343092,7.2
464,The Dark Knight Rises,633001626,160887295,56,8,0,1,0,0,0,0,1,1,0,0,0,0,1,0,0,0,0,0,0,tt1345836,8.4
465,Jack the Giant Slayer,132500000,27202226,54,7,1,0,0,0,0,0,1,0,1,0,0,0,1,0,0,0,0,1,0,tt1351685,6.2
466,Passengers,203129453,14869736,60,4,0,0,1,0,0,0,0,0,0,0,0,0,1,0,0,0,1,0,1,tt1355644,7.0
467,Tomb Raider,216400000,23633317,42,2,0,0,0,0,0,0,1,1,0,0,0,0,1,0,0,0,0,1,0,tt1365519,6.3
468,Inception,544260772,62785337,62,10,0,0,0,0,0,0,1,1,0,0,0,0,1,0,0,0,1,0,0,tt1375666,8.8
469,Grown Ups,109456115,40506562,61,10,0,0,1,0,0,0,0,0,0,1,0,0,1,0,0,0,0,0,0,tt1375670,5.9
470,The Other Guys,51238944,35543162,54,10,0,0,1,0,0,0,0,1,0,0,0,0,1,0,0,0,0,0,0,tt1386588,6.6
471,Suicide Squad,421746840,133682248,40,4,0,0,0,0,0,0,1,1,0,0,0,0,1,0,0,0,1,1,0,tt1386697,6.0
472,Total Recall,139589199,25577758,56,8,1,0,1,0,0,0,0,1,0,0,0,0,1,0,0,0,1,0,0,tt1386703,6.3
473,The Hunger Games,286384032,152535747,52,8,1,0,0,0,0,0,0,1,0,0,0,0,1,0,0,0,1,0,0,tt1392170,7.2
474,Mad Max: Fury Road,221166835,45428128,65,5,0,1,0,0,0,0,1,1,0,0,0,0,0,0,0,0,1,0,0,tt1392190,8.1
475,Mr. Popper's Penguins,119137302,18445355,64,9,0,0,0,1,0,0,0,0,0,1,0,1,0,0,1,0,0,1,0,tt1396218,6.0
476,It,372967570,123403419,41,3,0,0,0,0,0,0,1,0,0,0,0,0,0,0,0,1,0,0,0,tt1396484,7.3
477,Taken 2,236298168,49514769,53,8,0,1,0,1,0,0,0,1,0,0,0,0,1,0,0,0,0,0,0,tt1397280,6.3
478,Journey 2: The Mysterious Island,231400000,27335363,53,8,1,1,0,0,0,0,1,1,0,0,0,1,0,0,1,0,1,1,0,tt1397514,5.8
479,Straight Outta Compton,40437206,60200180,40,5,0,0,0,0,1,0,0,0,0,0,0,0,0,0,0,0,0,0,0,tt1398426,7.8
480,Transformers: Dark of the Moon,771403536,97852865,65,9,1,1,0,0,0,0,0,1,0,0,0,0,1,0,0,0,1,0,0,tt1399103,6.2
481,Happy Feet Two,95190572,21237068,53,9,0,1,0,0,0,0,1,0,1,0,0,1,0,1,1,0,0,0,0,tt1402488,5.9
482,True Grit,81033922,24830443,61,10,1,0,0,0,0,0,0,0,0,0,0,0,1,0,0,0,0,0,0,tt1403865,7.6
483,Star Trek Into Darkness,238586585,70165559,55,7,1,1,0,0,0,0,0,1,0,0,0,0,1,0,0,0,1,0,0,tt1408101,7.7
484,Ride Along,19530702,41516170,19,6,0,0,0,0,1,0,0,1,0,0,0,0,1,0,0,0,0,0,0,tt1408253,6.2
485,Men in Black 3,445005922,54592779,57,8,0,1,1,0,0,0,0,1,0,0,0,0,1,0,0,0,1,0,0,tt1409024,6.8
486,No Strings Attached,78565857,19652921,59,9,0,0,0,0,0,0,0,0,0,1,0,0,0,0,0,0,0,0,1,tt1411238,6.2
487,The Hangover Part II,332300000,85946294,58,9,0,1,0,0,0,0,1,0,0,1,0,0,0,0,0,0,0,0,0,tt1411697,6.4
488,Hop,75868418,37543710,55,9,1,0,0,0,1,0,0,0,1,0,0,1,0,1,1,0,0,1,0,tt1411704,5.4
489,Hansel & Gretel: Witch Hunters,170646274,19690956,52,7,1,1,0,0,0,0,0,1,0,0,0,0,0,0,0,1,0,1,0,tt1428538,6.1
490,The Wolverine,282271394,53113752,55,7,0,1,0,1,0,0,0,1,0,0,0,0,1,0,0,0,1,0,0,tt1430132,6.7
491,Arthur Christmas,100957003,12068931,54,9,0,0,1,0,0,0,0,0,1,0,0,1,0,1,1,0,0,1,0,tt1430607,7.1
492,Deadpool,419541446,132434639,65,4,0,0,0,1,0,0,0,1,0,0,0,0,0,0,0,0,1,0,0,tt1431045,8.0
493,Rio,340246709,39225962,69,9,0,0,0,1,0,0,0,0,1,0,0,1,0,1,1,0,0,0,0,tt1436562,6.9
494,Battleship,237602860,25534825,56,8,0,0,0,0,1,0,0,1,0,0,0,0,1,0,0,0,1,0,0,tt1440129,5.8
495,Rise of the Guardians,203528912,23773465,53,8,1,0,0,0,0,0,0,1,0,0,0,1,0,1,1,0,1,1,0,tt1446192,7.3
496,Prometheus,276877385,51050101,55,8,0,0,0,1,0,0,0,0,1,0,0,0,0,0,0,0,1,0,0,tt1446714,7.0
497,Monsters University,475066843,82429469,54,7,0,1,0,0,0,1,0,0,1,0,1,0,0,1,1,0,0,1,0,tt1453405,7.3
498,The Help,46931000,26044590,45,9,1,0,0,0,0,1,0,0,0,0,0,0,1,0,0,0,0,0,0,tt1454029,8.0
499,Gravity,449100000,55785112,56,7,0,0,0,0,0,0,1,0,0,0,0,0,1,0,0,0,1,0,0,tt1454468,7.7
500,The Conjuring,182101615,41855326,53,7,0,0,0,0,0,0,1,0,0,0,0,0,0,0,0,1,0,0,0,tt1457767,7.5
501,I Am Number Four,94778000,19449893,57,9,0,0,0,0,0,1,0,1,0,0,0,0,1,0,0,0,1,0,0,tt1464540,6.1
502,Baywatch,119796565,18503871,51,3,1,0,0,0,0,0,0,1,0,0,0,0,0,0,0,0,0,0,0,tt1469304,5.5
503,Bridget Jones's Baby,187700000,8571785,61,4,0,0,0,0,1,0,0,0,0,1,0,0,0,0,0,0,0,0,1,tt1473832,6.5
504,This Is It,189092572,23234394,60,11,0,0,1,0,0,0,0,0,0,0,0,1,0,0,0,0,0,0,0,tt1477715,7.2
505,Aquaman,813424079,67873522,47,2,0,0,0,0,0,0,1,1,0,0,0,0,1,0,0,0,1,1,0,tt1477834,6.9
506,Bridesmaids,119276798,26247410,53,9,0,0,0,0,1,0,0,0,0,1,0,0,0,0,0,0,0,0,1,tt1478338,6.8
507,The Lorax,134809816,70217070,55,8,0,0,0,0,1,0,0,0,1,0,0,1,0,1,1,0,0,1,0,tt1482459,6.4
508,Oblivion,197061337,37054485,55,7,0,0,0,0,1,0,0,1,0,0,0,0,1,0,0,0,1,0,0,tt1483013,7.0
509,The Greatest Showman,260763424,8805843,71,3,0,0,0,1,0,0,0,0,0,0,0,1,0,0,0,0,0,0,0,tt1485796,7.6
510,Central Intelligence,89531672,35535250,58,4,0,0,0,0,0,0,1,1,0,0,0,0,1,0,0,0,0,0,0,tt1489889,6.3
511,The Lego Movie,210300000,69050279,54,6,0,0,0,0,0,0,1,1,0,0,0,1,0,1,1,0,0,1,0,tt1490017,7.7
512,Underworld Awakening,97791632,25306725,50,8,0,0,0,0,0,0,0,1,0,0,0,0,0,0,0,1,0,1,0,tt1496025,6.4
513,Horrible Bosses,92300000,28302165,56,9,0,0,0,0,0,0,1,0,0,1,0,0,0,0,0,0,0,0,0,tt1499658,6.9
514,Bad Boys for Life,220200000,62504105,80,0,0,0,1,0,0,0,0,1,0,0,0,0,0,0,0,0,0,0,0,tt1502397,6.6
515,Halloween,96143163,76221545,63,2,0,1,0,0,1,0,0,0,0,0,0,0,0,0,0,1,0,0,0,tt1502407,6.6
516,Fantastic Four,111765333,25685737,60,5,0,0,0,1,0,0,0,1,0,0,0,0,1,0,0,0,1,0,0,tt1502712,4.3
517,The King's Speech,288576868,355450,53,10,0,0,0,0,0,0,0,0,0,0,0,0,0,0,0,0,0,0,0,tt1504320,8.0
518,Sherlock Holmes: A Game of Shadows,357000000,39637079,52,9,1,1,0,0,0,0,1,1,0,0,0,0,1,0,0,0,0,0,0,tt1515091,7.5
519,A Star Is Born,220900000,42908051,42,2,0,0,0,0,0,0,1,0,0,0,0,0,0,0,0,0,0,0,1,tt1517451,7.7
520,Exodus: Gods and Kings,203161118,24115934,45,6,0,1,0,1,0,0,0,1,0,0,0,0,1,0,0,0,0,1,0,tt1528100,6.0
521,Daddy's Home,92429000,38740203,49,5,0,0,0,0,0,0,0,0,0,1,0,0,1,0,1,0,0,0,0,tt1528854,6.2
522,Elysium,193090583,29807393,56,7,0,0,0,0,0,0,0,1,0,0,0,0,0,0,0,0,1,0,0,tt1535108,6.6
523,Captain Phillips,111690956,25718314,54,7,0,0,1,0,0,0,0,0,1,0,0,0,1,0,0,0,0,0,0,tt1535109,7.8
524,Paranormal Activity 2,92759125,40678424,52,10,0,1,0,0,0,0,0,0,0,0,0,0,0,0,0,1,0,0,0,tt1536044,5.6
525,Just Go with It,111917482,30514732,70,9,0,0,1,0,0,0,0,0,0,1,0,0,1,0,0,0,0,0,1,tt1564367,6.4
526,The Girl with the Dragon Tattoo,130101637,12768604,49,9,1,0,1,0,0,0,0,0,0,0,0,0,0,0,0,0,0,0,0,tt1568346,7.8
527,War Horse,97700000,7515402,51,9,1,0,0,0,0,1,0,1,0,0,0,0,1,0,0,0,0,0,0,tt1568911,7.2
528,"Crazy, Stupid, Love",60700000,19104303,50,9,0,0,0,0,0,0,1,0,0,1,0,0,1,0,0,0,0,0,1,tt1570728,7.4
529,G.I. Joe: Retaliation,253217645,40501814,54,7,0,1,0,0,0,0,0,1,0,0,0,0,1,0,0,0,1,0,0,tt1583421,5.8
530,Maleficent,517001401,69431298,55,6,0,0,0,0,0,1,0,1,0,0,0,1,0,0,1,0,0,1,1,tt1587310,7.0
531,Fast Five,416300000,86198765,60,9,0,1,0,0,1,0,0,1,0,0,0,0,1,0,0,0,0,0,0,tt1596343,7.3
532,This Means War,101730488,17405930,52,8,0,0,0,1,0,0,0,1,0,0,0,0,1,0,0,0,0,0,1,tt1596350,6.3
533,New Year's Eve,87500000,13019180,50,9,0,0,0,0,0,0,1,0,0,1,0,0,1,0,0,0,0,0,1,tt1598822,5.7
534,Safe House,81702771,40172720,53,8,0,0,0,0,1,0,0,1,0,0,0,0,0,0,0,0,0,0,0,tt1599348,6.7
535,American Reunion,177978063,21514080,50,8,0,1,0,0,1,0,0,0,0,1,0,0,0,0,0,0,0,0,0,tt1605630,6.7
536,Midnight in Paris,97142545,599003,48,9,0,0,0,0,0,0,0,0,0,1,0,0,1,0,0,0,0,1,1,tt1605783,7.7
537,A Good Day to Die Hard,237304984,24834845,56,7,0,1,0,1,0,0,0,1,0,0,0,0,0,0,0,0,0,0,0,tt1606378,5.3
538,The Vow,71100540,41202458,51,8,0,0,0,0,0,0,0,0,0,0,0,0,1,0,0,0,0,0,1,tt1606389,6.8
539,The Foreigner,111024563,13113024,48,3,1,0,0,0,0,0,0,1,0,0,0,0,0,0,0,0,0,0,0,tt1615160,7.0
540,Alvin and the Chipmunks: Chipwrecked,209584693,23244744,47,9,1,1,0,1,0,0,0,0,1,0,1,0,0,1,1,0,0,0,0,tt1615918,4.3
541,Jupiter Ascending,136500000,18372372,57,5,0,0,0,0,0,0,1,1,0,0,0,0,1,0,0,0,1,0,0,tt1617661,5.3
542,The Last Witch Hunter,119569250,10812861,56,5,0,0,0,0,0,0,0,1,0,0,0,0,1,0,0,0,0,1,0,tt1618442,6.0
543,The Addams Family,103000000,30300007,56,1,1,0,0,0,0,0,0,0,0,0,0,1,0,1,1,1,0,1,0,tt1620981,5.8
544,Final Destination 5,115300000,18031396,55,9,0,1,0,0,0,0,1,0,0,0,0,0,0,0,0,1,0,0,0,tt1622979,5.8
545,Oz The Great and Powerful,258400000,79110453,55,7,0,0,0,0,0,1,0,0,1,0,0,1,0,0,1,0,0,1,0,tt1623205,6.3
546,Independence Day: Resurgence,286537649,41039944,56,4,0,1,0,1,0,0,0,1,0,0,0,0,1,0,0,0,1,0,0,tt1628841,5.2
547,Edge of Tomorrow,270335000,28760246,54,6,0,0,0,0,0,0,1,1,0,0,0,0,1,0,0,0,1,0,0,tt1631867,7.9
548,Friends with Benefits,93739491,18622150,61,9,0,0,0,0,0,0,0,0,0,1,0,0,0,0,0,0,0,0,1,tt1632708,6.5
549,Johnny English Reborn,151772616,3833300,55,9,0,1,0,0,1,0,0,1,0,0,0,1,0,0,0,0,0,0,0,tt1634122,6.3
550,In Time,136410501,12050368,51,9,0,0,0,1,0,0,0,1,0,0,0,0,1,0,0,0,1,0,0,tt1637688,6.7
551,Ted,330552828,54415205,54,8,0,0,0,0,1,0,0,0,0,1,0,0,0,0,0,0,0,0,0,tt1637725,6.9
552,The Dictator,119729311,17435092,49,8,0,0,0,0,0,0,0,0,0,1,0,0,0,0,0,0,0,0,0,tt1645170,6.4
553,How to Train Your Dragon 2,444534595,49451322,55,6,0,1,0,1,0,0,0,1,0,0,0,1,0,1,1,0,0,1,0,tt1646971,7.8
554,Wrath of the Titans,218300000,33457188,52,8,1,1,0,0,0,0,1,1,0,0,0,0,1,0,0,0,0,1,0,tt1646987,5.7
555,The Impossible,179067330,143818,47,8,0,0,0,0,0,0,0,0,0,0,0,0,1,0,0,0,0,0,0,tt1649419,7.6
556,Super 8,133091807,35451168,65,9,0,0,0,0,0,0,0,1,0,0,0,0,1,0,0,0,1,0,0,tt1650062,7.0
557,Cinderella,341200000,67877361,65,5,1,0,0,0,0,1,0,0,0,0,0,1,0,0,1,0,0,1,1,tt1661199,6.9
558,The Revenant,349312609,474560,63,5,1,0,0,1,0,0,0,1,0,0,0,0,0,0,0,0,0,0,0,tt1663202,8.0
559,Pacific Rim,309200000,37285325,54,7,0,0,0,0,0,0,1,1,0,0,0,0,1,0,0,0,1,0,0,tt1663662,6.9
560,Mirror Mirror,118083355,18132085,49,8,1,0,0,0,0,0,0,0,1,0,0,1,0,0,1,0,0,1,0,tt1667353,5.6
561,Ice Age: Continental Drift,715922939,46629259,55,8,0,1,0,1,0,0,0,0,1,0,0,1,0,1,1,0,0,1,0,tt1667889,6.6
562,Now You See Me,234000000,29350389,50,7,0,0,0,0,0,0,0,0,0,0,0,0,1,0,0,0,0,0,0,tt1670345,7.3
563,The Twilight Saga: Breaking Dawn - Part 2,537422751,141067634,53,8,0,1,0,0,0,0,0,0,1,0,0,0,1,0,0,0,0,1,1,tt1673434,5.5
564,The Intouchables,416389690,103507,49,9,0,0,0,0,0,0,0,0,0,0,0,0,0,0,0,0,0,0,0,tt1675434,8.5
565,Ready Player One,445203499,41764050,42,2,1,0,0,0,0,0,1,1,0,0,0,0,1,0,0,0,1,0,0,tt1677720,7.5
566,Trolls,193157398,46581142,52,4,0,0,0,1,0,0,0,0,1,0,0,1,0,1,1,0,0,1,0,tt1679335,6.5
567,Despicable Me 2,602700620,83517315,55,7,0,1,0,0,1,0,0,0,1,0,0,1,0,1,1,0,1,1,0,tt1690953,7.3
568,Planes,148970000,22232291,52,7,0,0,0,0,0,1,0,0,1,0,0,1,0,1,1,0,0,0,0,tt1691917,5.7
569,Sausage Party,43019636,34263534,49,4,0,0,1,0,0,0,0,0,1,0,0,0,0,1,0,0,0,1,0,tt1700841,6.1
570,Les Misérables,293000000,27281735,55,8,0,0,0,0,1,0,0,0,0,0,0,0,1,0,0,0,0,0,1,tt1707386,7.6
571,We're the Millers,119600000,26419396,50,8,0,0,0,0,0,0,1,0,0,1,0,0,0,0,0,0,0,0,0,tt1723121,7.0
572,Bohemian Rhapsody,687295136,51061119,51,2,0,0,0,1,0,0,0,0,0,0,0,0,1,0,0,0,0,0,0,tt1727824,8.0
573,Snow White and the Huntsman,241260448,56217700,54,8,1,0,0,0,1,0,0,1,0,0,0,0,1,0,0,0,0,1,0,tt1735898,6.1
574,A Dog's Purpose,141228008,18222810,56,3,0,0,0,0,1,0,0,0,1,0,0,1,0,0,1,0,0,1,0,tt1753383,7.2
575,The Expendables 2,229947763,28591370,48,8,0,1,0,0,0,0,0,1,0,0,0,0,0,0,0,0,0,0,0,tt1764651,6.6
576,Wreck-It Ralph,281800000,49038712,54,8,0,0,0,0,0,1,0,0,1,0,0,1,0,1,1,0,0,1,0,tt1772341,7.7
577,Paranormal Activity 3,103011037,52568183,49,9,0,1,0,0,0,0,0,0,0,0,0,0,0,0,0,1,0,0,0,tt1778304,5.8
578,Pirates of the Caribbean: Dead Men Tell No Tales,622322566,62983253,52,3,0,1,0,0,0,1,0,1,0,0,0,0,1,0,0,0,0,1,0,tt1790809,6.6
579,The Maze Runner,245891999,32512804,59,6,1,0,0,1,0,0,0,1,0,0,0,0,1,0,0,0,1,0,0,tt1790864,6.8
580,American Hustle,101054000,740455,50,7,0,0,1,0,0,0,0,0,0,0,0,0,0,0,0,0,0,0,0,tt1800241,7.2
581,Step Up Revolution,105396069,11731708,42,8,0,1,0,0,0,0,0,0,0,0,0,0,1,0,0,0,0,0,1,tt1800741,6.4
582,Unbroken,45821402,30621445,56,6,0,0,0,0,1,0,0,1,0,0,0,0,1,0,0,0,0,0,0,tt1809398,7.2
583,After Earth,183089885,27520040,56,7,0,0,1,0,0,0,0,1,0,0,0,0,1,0,0,0,1,0,0,tt1815862,4.8
584,RED 2,94813005,18048422,51,7,0,1,0,0,0,0,0,1,0,0,0,0,1,0,0,0,0,0,0,tt1821694,6.6
585,Black Panther,646999921,202003951,54,2,0,0,0,0,0,1,0,1,0,0,0,0,1,0,0,0,1,0,0,tt1825683,7.3
586,Divergent,137937923,54607747,53,6,1,0,0,0,0,0,0,1,0,0,0,0,1,0,0,0,1,0,0,tt1840309,6.7
587,Captain America: The Winter Soldier,454654931,95023721,54,6,0,1,0,0,0,1,0,1,0,0,0,0,1,0,0,0,1,0,0,tt1843866,7.7
588,Django Unchained,262562804,30122888,56,8,0,0,0,0,0,0,0,0,0,0,0,0,0,0,0,0,0,0,0,tt1853728,8.4
589,Percy Jackson: Sea of Monsters,131290761,14401054,52,7,1,1,0,1,0,0,0,0,1,0,0,1,0,0,1,0,0,1,0,tt1854564,5.8
590,Resident Evil: Retribution,197813724,21052227,52,8,0,1,0,0,0,0,0,1,0,0,0,0,0,0,0,1,1,0,0,tt1855325,5.4
591,Blade Runner 2049,167185499,32753122,75,3,1,1,0,0,0,0,1,1,0,0,0,0,0,0,0,0,1,0,0,tt1856101,8.0
592,Turbo,199542554,21312625,55,7,0,0,0,1,0,0,0,0,1,0,0,1,0,1,1,0,1,0,0,tt1860353,6.4
593,The Amazing Spider-Man 2,506128390,91608337,57,6,0,1,1,0,0,0,0,1,0,0,0,0,1,0,0,0,1,0,0,tt1872181,6.6
594,X-Men: Days of Future Past,512124166,90823660,56,6,0,1,0,1,0,0,0,1,0,0,0,0,1,0,0,0,1,0,0,tt1877832,8.0
595,Fast & Furious 6,550001118,97375245,56,7,0,0,0,0,1,0,0,1,0,0,0,0,1,0,0,0,0,0,0,tt1905041,7.1
596,Flight,68000000,24900566,49,8,0,0,0,0,0,0,0,0,0,0,0,0,0,0,0,0,0,0,0,tt1907668,7.3
597,Penguins of Madagascar,289664710,25447444,61,6,0,0,0,1,0,0,0,0,1,0,0,1,0,1,1,0,1,0,0,tt1911658,6.7
598,Magic Mike,54017797,39127170,36,8,0,0,0,0,0,0,1,0,0,1,0,0,0,0,0,0,0,0,0,tt1915581,6.1
599,Miss Peregrine's Home for Peculiar Children,209239612,28871140,47,4,0,0,0,1,0,0,0,0,1,0,0,0,1,0,1,0,0,1,0,tt1935859,6.7
600,Ford v Ferrari,107883853,31474958,49,1,0,0,0,1,0,0,0,1,0,0,0,0,1,0,0,0,0,0,0,tt1950186,8.1
601,The Hangover Part III,249800000,41671198,52,7,0,0,0,0,0,0,1,0,0,1,0,0,0,0,0,0,0,0,0,tt1951261,5.8
602,The Hunger Games: Catching Fire,440343699,158074286,53,7,1,1,0,0,0,0,0,1,0,0,0,0,1,0,0,0,1,0,0,tt1951264,7.5
603,The Hunger Games: Mockingjay - Part 1,418220826,121897634,86,6,1,1,0,0,0,0,0,1,0,0,0,0,1,0,0,0,1,0,0,tt1951265,6.6
604,The Hunger Games: Mockingjay - Part 2,376620235,102665981,61,5,1,1,0,0,0,0,0,1,0,0,0,0,1,0,0,0,1,0,0,tt1951266,6.5
605,Noah,258000000,43720472,50,6,0,0,0,0,0,0,0,1,0,0,0,0,1,0,0,0,0,0,0,tt1959490,5.7
606,The Hitman's Bodyguard,101131624,21384504,55,3,0,0,0,0,0,0,0,1,0,0,0,0,0,0,0,0,0,0,0,tt1959563,6.9
607,Tomorrowland,115599346,33028165,62,5,0,0,0,0,0,1,0,1,0,0,0,1,0,0,1,0,1,1,0,tt1964418,6.4
608,King Arthur: Legend of the Sword,109500000,15371270,41,3,1,1,0,0,0,0,1,1,0,0,0,0,1,0,0,0,0,1,0,tt1972591,6.7
609,Toy Story 4,639356585,120908065,55,1,0,1,0,0,0,1,0,0,1,0,1,0,0,1,1,0,0,1,0,tt1979376,7.8
610,The Good Dinosaur,209120551,39155217,58,5,0,0,0,0,0,1,0,0,1,0,0,1,0,1,1,0,0,1,0,tt1979388,6.7
611,Thor: The Dark World,438421000,85737841,54,7,0,1,0,0,0,1,0,1,0,0,0,0,1,0,0,0,0,1,0,tt1981115,6.9
612,Geostorm,187900000,13707376,41,3,0,0,0,0,0,0,1,1,0,0,0,0,1,0,0,0,1,0,0,tt1981128,5.3
613,The Angry Birds Movie,244824563,38155177,76,4,0,0,1,0,0,0,0,1,0,0,0,1,0,1,1,0,0,0,0,tt1985949,6.3
614,Cloudy With a Chance of Meatballs 2,154532382,34017930,54,7,0,0,1,0,0,0,0,0,1,0,0,1,0,1,1,0,1,1,0,tt1985966,6.4
615,Neighbors,120507734,49033915,48,6,1,0,0,0,1,0,0,0,0,1,0,0,0,0,0,0,0,0,0,tt2004420,6.3
616,Guardians of the Galaxy,439614883,94320883,57,6,0,0,0,0,0,1,0,1,0,0,0,0,1,0,0,0,1,0,0,tt2015381,8.0
617,The Smurfs 2,276527576,17548389,57,7,0,1,1,0,0,0,0,0,1,0,0,1,0,1,1,0,0,1,0,tt2017020,5.3
618,Mama,74800000,28402310,46,7,0,0,0,0,1,0,0,0,0,0,0,0,1,0,0,1,0,0,0,tt2023587,6.2
619,Identity Thief,39458090,34551025,47,7,0,0,0,0,1,0,0,0,0,1,0,0,0,0,0,0,0,0,0,tt2024432,5.7
620,Non-Stop,130641000,28875635,50,6,0,0,0,0,1,0,0,1,0,0,0,0,1,0,0,0,0,0,0,tt2024469,6.9
621,12 Years a Slave,131061209,923715,48,7,0,0,0,0,0,0,0,0,0,0,0,0,0,0,0,0,0,0,0,tt2024544,8.1
622,The Great Wall,289393001,18469620,64,4,0,0,0,0,1,0,0,1,0,0,0,0,1,0,0,0,0,1,0,tt2034800,5.9
623,Rocketman,98811139,25725722,53,1,0,0,0,0,0,0,0,0,0,0,0,0,0,0,0,0,0,0,0,tt2066051,7.3
624,The Imitation Game,142430025,479352,49,6,0,0,0,0,0,0,0,0,0,0,0,0,1,0,0,0,0,0,0,tt2084970,8.0
625,Assassin's Creed,186049908,10278225,71,4,0,0,0,1,0,0,0,1,0,0,0,0,1,0,0,0,1,0,0,tt2094766,5.7
626,Dumb and Dumber To,83629000,36111775,54,6,0,1,0,0,1,0,0,0,0,1,0,0,1,0,0,0,0,0,0,tt2096672,5.6
627,Inside Out,501149639,90440272,66,5,0,0,0,0,0,1,0,0,1,0,0,1,0,1,1,0,0,1,0,tt2096673,8.1
628,Dawn of the Planet of the Apes,502098977,72611427,55,6,0,1,0,1,0,0,0,1,0,0,0,0,1,0,0,0,1,0,0,tt2103281,7.6
629,Into the Storm,113900000,17346427,55,6,0,0,0,0,0,0,1,1,0,0,0,0,1,0,0,0,0,0,0,tt2106361,5.8
630,Paranormal Activity 4,88917657,29003866,47,8,0,1,0,0,0,0,0,0,0,0,0,0,0,0,0,1,0,0,0,tt2109184,4.6
631,Transformers: Age of Extinction,858614996,100038390,55,6,1,1,0,0,0,0,0,1,0,0,0,0,1,0,0,0,1,0,0,tt2109248,5.6
632,Hacksaw Ridge,113241303,15190758,48,4,0,0,0,0,0,0,0,0,0,0,0,0,0,0,0,0,0,0,0,tt2119532,8.1
633,Pixels,166127224,24011616,67,5,0,0,1,0,0,0,0,1,0,0,0,0,1,0,0,0,1,1,0,tt2120120,5.5
634,San Andreas,318800000,54588173,62,5,0,0,0,0,0,0,1,1,0,0,0,0,1,0,0,0,0,0,0,tt2126355,6.1
635,The Accountant,68900000,24710273,40,4,0,0,0,0,0,0,1,1,0,0,0,0,0,0,0,0,0,0,0,tt2140479,7.3
636,The Monuments Men,78675018,22003433,54,6,0,0,1,0,0,0,0,0,0,1,0,0,1,0,0,0,0,0,0,tt2177771,6.1
637,American Sniper,197300000,633456,54,6,0,0,0,0,0,0,1,1,0,0,0,0,0,0,0,0,0,0,0,tt2179136,7.3
638,Into the Woods,84900000,31051923,58,6,1,0,0,0,0,1,0,0,1,0,0,1,0,0,0,0,0,1,0,tt2180411,5.9
639,Grown Ups 2,113315753,41508572,52,7,0,1,1,0,0,0,0,0,0,1,0,0,1,0,0,0,0,0,0,tt2191701,5.4
640,The Other Woman,112799203,24763752,51,6,0,0,0,1,0,0,0,0,0,1,0,0,1,0,0,0,0,0,1,tt2203939,6.0
641,Home,208644097,52107731,65,5,1,0,0,1,0,0,0,0,1,0,0,1,0,1,1,0,1,1,0,tt2224026,6.6
642,Insidious: Chapter 2,78332871,40272103,48,7,0,1,0,0,0,0,0,0,0,0,0,0,1,0,0,1,0,0,0,tt2226417,6.6
643,Rampage,327000000,35753093,42,2,0,0,0,0,0,0,1,1,0,0,0,0,1,0,0,0,1,0,0,tt2231461,6.1
644,Valerian and the City of a Thousand Planets,184684740,17007624,63,3,0,0,0,0,0,0,0,1,0,0,0,0,1,0,0,0,1,1,0,tt2239822,6.5
645,Big Hero 6,435341593,56215889,61,6,0,0,0,0,0,1,0,1,0,0,0,1,0,1,1,0,1,0,0,tt2245084,7.8
646,Spider-Man: Homecoming,545965784,117027503,74,3,0,1,1,0,0,0,0,1,0,0,0,0,1,0,0,0,1,0,0,tt2250912,7.4
647,Kung Fu Panda 3,377642206,41282042,59,4,0,1,0,1,0,0,0,1,0,0,0,1,0,1,1,0,0,1,0,tt2267968,7.1
648,Gone Girl,201563174,37513109,64,6,1,0,0,1,0,0,0,0,0,0,0,0,0,0,0,0,0,0,0,tt2267998,8.1
649,Finding Dory,542275328,135060273,51,4,0,1,0,0,0,1,0,0,1,0,0,1,0,1,1,0,0,0,0,tt2277860,7.3
650,The Grand Budapest Hotel,113638722,811166,48,6,0,0,0,0,0,0,0,0,1,0,0,0,0,0,0,0,0,0,0,tt2278388,8.1
651,The SpongeBob Movie: Sponge Out of Water,162192000,55365012,59,5,1,1,0,0,0,0,0,1,0,0,0,1,0,1,1,0,1,1,0,tt2279373,6.0
652,Men in Black: International,173888894,30035838,76,1,0,1,1,0,0,0,0,1,0,0,0,0,1,0,0,0,1,0,0,tt2283336,5.6
653,Jumanji: Welcome to the Jungle,557562066,36169328,76,3,0,1,1,0,0,0,0,1,0,0,0,0,1,0,0,0,0,1,0,tt2283362,6.9
654,Minions,823398892,115718405,67,5,0,0,0,0,1,0,0,0,1,0,0,1,0,1,1,0,1,0,0,tt2293640,6.4
655,22 Jump Street,139614539,57071445,50,6,1,1,1,0,0,0,0,1,0,0,0,0,0,0,0,0,0,0,0,tt2294449,7.0
656,Frozen,880065368,243390,56,7,1,0,0,0,0,1,0,0,1,0,0,1,0,1,1,0,0,1,0,tt2294629,7.4
657,Olympus Has Fallen,71344561,30373794,49,7,0,0,0,0,0,0,0,1,0,0,0,0,0,0,0,0,0,0,0,tt2302755,6.5
658,The Hobbit: The Battle of the Five Armies,700900000,54724334,50,6,1,1,0,0,0,0,1,0,1,0,0,0,1,0,0,0,0,1,0,tt2310332,7.4
659,Alien: Covenant,166629732,36160621,72,3,0,1,0,1,0,0,0,0,0,0,0,0,0,0,0,1,1,0,0,tt2316204,6.4
660,Fifty Shades of Grey,403484237,85171450,54,5,1,0,0,0,1,0,0,0,0,0,0,0,0,0,0,0,0,0,1,tt2322441,4.1
661,The Expendables 3,175335033,15879645,51,6,0,1,0,0,0,0,0,1,0,0,0,0,1,0,0,0,0,0,0,tt2333784,6.1
662,White House Down,132262953,24852258,56,7,0,0,1,0,0,0,0,1,0,0,0,0,1,0,0,0,0,0,0,tt2334879,6.4
663,The Mummy,329003712,31688375,65,3,1,0,0,0,1,0,0,1,0,0,0,0,1,0,0,0,0,1,0,tt2345759,5.4
664,Rio 2,367242682,39327869,55,6,0,1,0,1,0,0,0,0,1,0,1,0,0,1,1,0,0,1,0,tt2357291,6.3
665,The Intern,118800000,17728313,63,5,0,0,0,0,0,0,1,0,0,1,0,0,1,0,0,0,0,0,0,tt2361509,7.1
666,Need for Speed,159700000,17844939,51,6,0,0,0,0,0,1,0,1,0,0,0,0,1,0,0,0,0,0,0,tt2369135,6.4
667,Spectre,680600000,70403148,65,5,1,1,1,0,0,0,0,1,0,0,0,0,1,0,0,0,0,0,0,tt2379713,6.8
668,Coco,597357873,50802605,53,3,1,0,0,0,0,1,0,0,1,0,0,1,0,1,1,0,0,1,0,tt2380307,8.4
669,Mission: Impossible - Rogue Nation,487674259,55520089,64,5,0,1,0,0,0,0,0,1,0,0,0,0,1,0,0,0,0,0,0,tt2381249,7.4
670,Focus,104900000,18685137,60,5,1,0,0,0,0,0,1,0,0,1,0,0,0,0,0,0,0,0,1,tt2381941,6.6
671,The Huntsman: Winter's War,116599148,19445035,54,4,0,1,0,0,1,0,0,1,0,0,0,0,1,0,0,0,0,1,0,tt2381991,6.1
672,How to Train Your Dragon: The Hidden World,361033909,55022245,67,1,0,1,0,0,1,0,0,1,0,0,0,1,0,1,1,0,0,1,0,tt2386490,7.5
673,Avengers: Age of Ultron,943803672,191271109,66,5,0,1,0,0,0,1,0,1,0,0,0,0,1,0,0,0,1,0,0,tt2395427,7.3
674,Smurfs: The Lost Village,152163264,13210449,63,3,0,1,1,0,0,0,0,0,1,0,0,1,0,1,1,0,0,1,0,tt2398241,6.0
675,Gods of Egypt,119527400,14123903,54,5,0,0,0,0,0,0,0,1,0,0,0,0,1,0,0,0,0,1,0,tt2404233,5.4
676,The Magnificent Seven,68927981,34703397,57,4,0,0,1,0,0,0,0,1,0,0,0,0,1,0,0,0,0,0,0,tt2404435,6.9
677,Taken 3,237222717,39201657,56,5,0,1,0,1,0,0,0,1,0,0,0,0,1,0,0,0,0,0,0,tt2446042,6.0
678,The Peanuts Movie,116054702,44213073,60,5,0,0,0,1,0,0,0,0,0,0,1,0,0,1,1,0,0,0,0,tt2452042,7.1
679,Star Wars: Episode VII - The Force Awakens,1131561811,247966675,62,5,0,1,0,0,0,1,0,1,0,0,0,0,1,0,0,0,1,0,0,tt2488496,7.9
680,Hotel Transylvania 2,305099890,48464322,70,5,0,1,1,0,0,0,0,0,0,0,0,1,0,1,1,0,0,1,0,tt2510894,6.7
681,Star Wars: Episode VIII - The Last Jedi,712358805,220009584,52,3,0,1,0,0,0,1,0,1,0,0,0,0,1,0,0,0,1,1,0,tt2527336,7.0
682,Star Wars: Episode IX - The Rise of Skywalker,558941706,177383864,53,1,0,1,0,0,0,1,0,1,0,0,0,0,1,0,0,0,1,1,0,tt2527338,6.6
683,Arrival,102842047,24074047,60,4,1,0,0,0,0,0,0,0,0,0,0,0,1,0,0,0,1,0,0,tt2543164,7.9
684,Wonder,173517797,27547866,73,3,0,0,0,0,0,0,0,0,0,0,0,1,0,0,1,0,0,0,0,tt2543472,8.0
685,Pacific Rim: Uprising,231055623,28116535,65,2,0,1,0,0,1,0,0,1,0,0,0,0,1,0,0,0,1,0,0,tt2557478,5.6
686,Alice Through the Looking Glass,222415643,26858726,46,4,1,1,0,0,0,1,0,0,1,0,0,1,0,0,1,0,0,1,0,tt2567026,6.2
687,The Fault in Our Stars,182294484,48002523,52,6,1,0,0,1,0,0,0,0,0,0,0,0,1,0,0,0,0,0,1,tt2582846,7.7
688,Resident Evil: The Final Chapter,285412558,13601682,58,4,0,1,0,0,0,0,0,1,0,0,0,0,0,0,0,1,1,0,0,tt2592614,5.5
689,Ted 2,134387221,33507870,58,5,0,1,0,0,1,0,0,0,0,1,0,0,0,0,0,0,0,0,0,tt2637276,6.3
690,Star Trek Beyond,184623476,59253211,54,4,1,1,0,0,0,0,0,1,0,0,0,0,1,0,0,0,1,0,0,tt2660888,7.1
691,Me Before You,152069111,18723269,36,4,1,0,0,0,0,0,1,0,0,0,0,0,1,0,0,0,0,0,1,tt2674426,7.4
692,Night at the Museum: Secret of the Tomb,249458014,17100520,57,6,0,1,0,1,0,0,0,0,1,0,0,1,0,0,1,0,0,1,0,tt2692250,6.2
693,Dr. Seuss' the Grinch,240975007,67572855,65,2,0,0,0,0,1,0,0,0,0,0,0,1,0,1,1,0,0,1,0,tt2709692,6.3
694,The Secret Life of Pets,507073607,104352905,63,4,0,0,0,0,1,0,0,0,1,0,0,1,0,1,1,0,0,0,0,tt2709768,6.5
695,Fury,126004791,23702421,60,6,0,0,1,0,0,0,0,1,0,0,0,0,0,0,0,0,0,0,0,tt2713180,7.6
696,Everest,159945314,7222035,67,5,0,0,0,0,1,0,0,1,0,0,0,0,1,0,0,0,0,0,0,tt2719848,7.1
697,Beauty and the Beast,759583221,174750616,52,3,1,0,0,0,0,1,0,0,0,0,0,1,0,0,1,0,0,1,1,tt2771200,7.1
698,Pete's Dragon,67462187,21514095,48,4,0,0,0,0,0,1,0,1,0,0,0,1,0,0,1,0,0,1,0,tt2788732,6.7
699,Kingsman: The Secret Service,286089822,36206331,63,5,0,1,0,1,0,0,0,1,0,0,0,0,0,0,0,0,0,0,0,tt2802144,7.7
700,Furious 7,1162041131,147187040,68,5,0,1,0,0,1,0,0,1,0,0,0,0,1,0,0,0,0,0,0,tt2820852,7.1
701,Pitch Perfect 2,102847849,69216890,58,5,0,1,0,0,1,0,0,0,0,1,0,0,1,0,0,0,0,0,0,tt2848292,6.4
702,Lucy,332200000,43899340,53,6,0,0,0,0,1,0,0,1,0,0,0,0,0,0,0,0,1,0,0,tt2872732,6.4
703,Red Sparrow,104698129,16853422,68,2,1,0,0,1,0,0,0,1,0,0,0,0,0,0,0,0,0,0,0,tt2873282,6.6
704,The Divergent Series: Insurgent,166823455,52263680,67,5,1,1,0,0,0,0,0,1,0,0,0,0,1,0,0,0,1,0,0,tt2908446,6.2
705,Zootopia,682523247,75063401,60,4,0,0,0,0,0,1,0,0,1,0,0,1,0,1,1,0,0,0,0,tt2948356,8.0
706,Alvin and the Chipmunks: The Road Chip,148911649,14287159,57,5,1,1,0,1,0,0,0,0,1,0,0,1,0,1,1,0,0,1,0,tt2974918,5.0
707,Batman v Superman: Dawn of Justice,543277334,166007347,64,4,0,1,0,0,0,0,1,1,0,0,0,0,1,0,0,0,1,0,0,tt2975590,6.4
708,Planes: Fire & Rescue,87800000,17509407,55,6,0,1,0,0,0,1,0,0,1,0,0,1,0,1,1,0,0,1,0,tt2980706,6.0
709,The Jungle Book,602550880,103261464,60,4,1,0,0,0,0,1,0,0,1,0,0,1,0,0,1,0,0,1,0,tt3040964,7.4
710,Inferno,185677685,14860425,63,4,1,1,1,0,0,0,0,1,0,0,0,0,1,0,0,0,0,0,0,tt3062096,6.2
711,Jackass Presents: Bad Grandpa,49823528,32055177,30,7,0,1,0,0,0,0,0,0,0,1,0,0,0,0,0,0,0,0,0,tt3063516,6.5
712,The Conjuring 2,217922810,40406314,41,4,0,0,0,0,0,0,1,0,0,0,0,0,0,0,0,1,0,0,0,tt3065204,7.3
713,Creed,63800000,29632823,52,5,0,1,0,0,0,0,1,0,0,0,0,0,1,0,0,0,0,0,0,tt3076658,7.6
714,Spy,124840507,29085719,62,5,0,0,0,1,0,0,0,1,0,0,0,0,0,0,0,0,0,0,0,tt3079380,7.0
715,Crazy Rich Asians,64005815,26510140,29,2,1,0,0,0,0,0,1,0,0,1,0,0,1,0,0,0,0,0,1,tt3104988,6.9
716,Now You See Me 2,269822066,22383146,67,4,0,1,0,0,0,0,0,1,0,0,0,0,1,0,0,0,0,0,0,tt3110958,6.5
717,Trainwreck,30583093,30097040,47,5,0,0,0,0,1,0,0,0,0,1,0,0,0,0,0,0,0,0,1,tt3152624,6.2
718,Fantastic Beasts and Where to Find Them,580006041,74403387,42,4,0,0,0,0,0,0,1,0,1,0,0,0,1,0,1,0,0,1,0,tt3183660,7.3
719,Sully,115727590,35028301,41,4,0,0,0,0,0,0,1,0,0,0,0,0,1,0,0,0,0,0,0,tt3263904,7.4
720,Little Women,108500000,16755310,69,1,1,0,1,0,0,0,0,0,0,0,0,1,0,0,0,0,0,0,1,tt3281548,7.8
721,London Has Fallen,143230187,21635601,50,4,0,1,0,0,0,0,0,1,0,0,0,0,0,0,0,0,0,0,0,tt3300542,5.9
722,Logan,392744368,88411916,71,3,0,1,0,1,0,0,0,1,0,0,0,0,0,0,0,0,1,0,0,tt3315342,8.1
723,Annabelle,172773848,37134255,53,6,0,0,0,0,0,0,1,0,0,0,0,0,0,0,0,1,0,0,0,tt3322940,5.4
724,Transformers: The Last Knight,475256474,44680073,54,3,1,1,0,0,0,0,0,1,0,0,0,0,1,0,0,0,1,0,0,tt3371366,5.2
725,X-Men: Apocalypse,388491616,65769562,43,4,0,1,0,1,0,0,0,1,0,0,0,0,1,0,0,0,1,0,0,tt3385516,6.9
726,Jack Reacher: Never Go Back,103449000,22872490,54,4,1,1,0,0,0,0,0,1,0,0,0,0,1,0,0,0,0,0,0,tt3393786,6.1
727,Murder on the Orient Express,249967538,28681472,70,3,1,0,0,1,0,0,0,0,0,0,0,0,1,0,0,0,0,0,0,tt3402236,6.5
728,Allegiant,113062817,29027348,54,4,0,0,0,0,0,0,0,1,0,0,0,0,1,0,0,0,1,0,0,tt3410834,5.7
729,Ferdinand,211658819,13401586,69,3,1,0,0,1,0,0,0,0,1,0,0,1,0,1,1,0,0,1,0,tt3411444,6.7
730,Ice Age: Collision Course,344516030,21373064,53,4,0,1,0,1,0,0,0,0,1,0,0,1,0,1,1,0,1,1,0,tt3416828,5.7
731,War for the Planet of the Apes,343839601,56262929,70,3,0,1,0,1,0,0,0,1,0,0,0,0,1,0,0,0,1,0,0,tt3450958,7.4
732,The Hateful Eight,101645094,4610676,52,5,0,0,0,0,0,0,0,0,0,0,0,0,0,0,0,0,0,0,0,tt3460252,7.8
733,Despicable Me 3,770175831,72434025,67,3,0,1,0,0,1,0,0,0,1,0,0,1,0,1,1,0,1,1,0,tt3469046,6.3
734,Sing,363759497,35258145,66,4,0,0,0,0,1,0,0,0,0,0,0,1,0,1,1,0,0,0,0,tt3470600,7.1
735,Captain America: Civil War,745247771,179139142,48,4,0,1,0,0,0,1,0,1,0,0,0,0,1,0,0,0,1,0,0,tt3498820,7.8
736,Thor: Ragnarok,538922202,122744989,52,3,0,1,0,0,0,1,0,1,0,0,0,0,1,0,0,0,1,1,0,tt3501632,7.9
737,The LEGO Movie 2: The Second Part,86500000,34115335,43,1,0,1,0,0,0,0,1,0,1,0,0,1,0,1,1,0,0,1,0,tt3513498,6.6
738,Moana,394593566,56631401,53,4,0,0,0,0,0,1,0,0,1,0,0,1,0,1,1,0,0,1,0,tt3521164,7.6
739,Girls Trip,25380774,31201920,20,3,0,0,0,0,1,0,0,0,1,0,0,0,0,0,0,0,0,0,0,tt3564472,6.2
740,Cars 3,231029541,53688680,51,3,0,1,0,0,0,1,0,0,1,0,1,0,0,1,1,0,0,0,0,tt3606752,6.7
741,Incredibles 2,634223615,182687905,53,2,0,1,0,0,0,1,0,1,0,0,0,1,0,1,1,0,1,0,0,tt3606756,7.6
742,The Girl on the Train,97790824,24536265,58,4,1,0,0,0,1,0,0,0,0,0,0,0,0,0,0,0,0,0,0,tt3631112,6.5
743,The Martian,401728227,54308575,69,5,1,0,0,1,0,0,0,0,1,0,0,0,1,0,0,0,1,0,0,tt3659388,8.0
744,Bridge of Spies,93164594,15371203,61,5,0,0,0,0,0,1,0,0,0,0,0,0,1,0,0,0,0,0,0,tt3682448,7.6
745,The BFG,139759641,18775350,58,4,1,0,0,0,0,1,0,0,1,0,0,1,0,0,1,0,0,1,0,tt3691740,6.4
746,Power Rangers,56972790,40300288,65,3,1,0,0,0,0,0,0,1,0,0,0,0,1,0,0,0,1,0,0,tt3717490,5.9
747,Kong: Skull Island,398600000,61025472,40,3,0,1,0,0,0,0,1,1,0,0,0,0,1,0,0,0,1,1,0,tt3731562,6.6
748,Godzilla: King of the Monsters,276100000,47776293,44,1,0,1,0,0,0,0,1,1,0,0,0,0,1,0,0,0,1,1,0,tt3741700,6.0
749,Lion,88574023,123360,50,4,0,0,0,0,0,0,0,0,0,0,0,0,1,0,0,0,0,0,0,tt3741834,8.0
750,Rogue One: A Star Wars Story,523880396,155081681,53,4,0,1,0,0,0,1,0,1,0,0,0,0,1,0,0,0,1,0,0,tt3748528,7.8
751,The Equalizer 2,88315795,36011640,72,2,1,1,1,0,0,0,0,1,0,0,0,0,0,0,0,0,0,0,0,tt3766354,6.7
752,Solo: A Star Wars Story,179157295,84420489,52,2,0,1,0,0,0,1,0,1,0,0,0,0,1,0,0,0,1,0,0,tt3778644,6.9
753,La La Land,295385068,881104,66,4,0,0,0,0,0,0,0,0,0,1,0,0,1,0,0,0,0,0,1,tt3783958,8.0
754,La La Land,295385068,881104,66,4,0,0,0,0,0,0,0,0,0,1,0,0,1,0,0,0,0,0,1,tt3783958,8.0
755,Sonic the Hedgehog,160700000,58018348,56,0,0,0,0,0,0,0,0,1,0,0,0,1,0,0,1,0,1,0,0,tt3794354,6.5
756,The Predator,109517426,24632284,42,2,0,1,0,1,0,0,0,1,0,0,0,0,0,0,0,0,1,0,0,tt3829266,5.3
757,Dumbo,238518314,45990748,55,1,0,0,0,0,0,1,0,0,1,0,0,1,0,0,1,0,0,1,0,tt3861390,6.3
758,The Boss Baby,352962903,50198902,69,3,1,0,0,1,0,0,0,0,1,0,0,1,0,1,1,0,0,1,0,tt3874544,6.3
759,Baby Driver,119119225,20553320,71,3,0,0,0,0,0,0,0,1,0,0,0,0,0,0,0,0,0,0,0,tt3890160,7.6
760,Guardians of the Galaxy Vol. 2,473942950,146510104,52,3,0,0,0,0,0,1,0,1,0,0,0,0,1,0,0,0,1,0,0,tt3896198,7.6
761,Teenage Mutant Ninja Turtles: Out of the Shadows,163572247,35316382,47,4,0,1,0,0,0,0,0,1,0,0,0,0,1,0,0,0,1,0,0,tt3949660,6.0
762,Maze Runner: The Scorch Trials,230598864,30316510,79,5,1,1,0,1,0,0,0,1,0,0,0,0,1,0,0,0,1,0,0,tt4046784,6.3
763,The Lego Batman Movie,136200000,53003468,41,3,0,1,0,0,0,0,1,1,0,0,0,1,0,1,1,0,0,0,0,tt4116284,7.3
764,Fantastic Beasts: The Crimes of Grindelwald,495300000,62163104,43,2,0,1,0,0,0,0,1,0,1,0,0,0,1,0,1,0,0,1,0,tt4123430,6.6
765,Captain Marvel,701446251,153433423,56,1,0,0,0,0,0,1,0,1,0,0,0,0,1,0,0,0,1,0,0,tt4154664,6.9
766,Avengers: Infinity War,1369544272,257698183,54,2,0,1,0,0,0,1,0,1,0,0,0,0,1,0,0,0,1,0,0,tt4154756,8.4
767,Avengers: Endgame,1939427564,357115007,56,1,0,1,0,0,0,1,0,1,0,0,0,0,1,0,0,0,1,0,0,tt4154796,8.4
768,Don't Breathe,68612612,26411706,54,4,0,0,0,0,0,0,0,0,0,0,0,0,0,0,0,1,0,0,0,tt4160708,7.1
769,Jason Bourne,253050504,59215365,63,4,1,0,0,0,1,0,0,1,0,0,0,0,1,0,0,0,0,0,0,tt4196776,6.6
770,John Wick: Chapter 2,79518618,30436123,65,3,0,1,0,0,0,0,0,1,0,0,0,0,0,0,0,0,0,0,0,tt4425200,7.5
771,Fifty Shades Darker,266964596,46607250,59,3,1,1,0,0,1,0,0,0,0,0,0,0,0,0,0,0,0,0,1,tt4465564,4.6
772,Paddington 2,187087054,11001961,77,3,1,1,0,0,0,0,1,0,1,0,0,1,0,0,1,0,0,1,0,tt4468740,7.8
773,Fifty Shades Freed,271577258,38560195,61,2,1,1,0,0,1,0,0,0,0,0,0,0,0,0,0,0,0,0,1,tt4477536,4.5
774,Maze Runner: The Death Cure,230142892,24167011,70,2,1,1,0,1,0,0,0,1,0,0,0,0,1,0,0,0,1,0,0,tt4500922,6.2
775,Frozen II,972653355,130263358,54,1,1,1,0,0,0,1,0,0,1,0,0,1,0,1,1,0,0,1,0,tt4520988,6.9
776,Darkest Hour,94378864,175006,65,3,1,0,0,0,0,0,0,0,0,0,0,0,1,0,0,0,0,0,0,tt4555426,7.4
777,Christopher Robin,98529335,24585139,51,2,1,0,0,0,0,1,0,0,0,1,0,1,0,0,1,0,0,1,0,tt4575576,7.3
778,Storks,110709675,21311407,41,4,0,0,0,0,0,0,1,0,1,0,0,1,0,1,1,0,0,1,0,tt4624424,6.8
779,The Fate of the Furious,1009996733,98786705,65,3,0,1,0,0,1,0,0,1,0,0,0,0,1,0,0,0,0,0,0,tt4630562,6.7
780,Spider-Man: Into the Spider-Verse,185299521,35363376,75,2,0,1,1,0,0,0,0,1,0,0,0,1,0,1,1,0,1,0,0,tt4633694,8.4
781,Kingsman: The Golden Circle,310667824,39023010,70,3,0,1,0,1,0,0,0,1,0,0,0,0,0,0,0,0,0,0,0,tt4649466,6.7
782,Bad Moms,70678777,23817340,58,4,0,0,0,0,0,0,0,0,0,1,0,0,0,0,0,0,0,0,0,tt4651520,6.2
783,Bumblebee,340794056,21654047,54,2,0,1,0,0,0,0,0,1,0,0,0,0,1,0,0,0,1,0,0,tt4701182,6.8
784,Pitch Perfect 3,80502815,19928525,45,3,0,1,0,0,1,0,0,0,0,1,0,0,1,0,0,0,0,0,0,tt4765284,5.8
785,Maleficent: Mistress of Evil,377800484,36948713,54,1,0,1,0,0,0,1,0,0,1,0,0,1,0,0,1,0,0,1,0,tt4777008,6.6
786,The Meg,384815731,45402195,41,4,1,0,0,0,0,0,1,1,0,0,0,0,1,0,0,1,1,0,0,tt4779682,5.6
787,Lights Out,81600000,21688103,39,4,0,0,0,0,0,0,1,0,0,0,0,0,1,0,0,1,0,0,0,tt4786282,6.3
788,Hidden Figures,66349611,515499,55,4,0,0,0,1,0,0,0,0,0,0,0,1,0,0,0,0,0,0,0,tt4846340,7.8
789,The Emoji Movie,131687133,24531923,74,3,0,0,1,0,0,0,0,0,1,0,0,1,0,1,1,0,0,1,0,tt4877122,3.3
790,Jurassic World: Fallen Kingdom,890765087,148024610,66,2,1,1,0,0,1,0,0,1,0,0,0,0,1,0,0,0,1,0,0,tt4881806,6.2
791,Mission: Impossible - Fallout,570961322,61236534,57,2,0,1,0,0,0,0,0,1,0,0,0,0,1,0,0,0,0,0,0,tt4912910,7.7
792,Split,140162993,40010975,64,3,0,0,0,0,1,0,0,0,0,0,0,0,1,0,0,1,0,0,0,tt4972582,7.3
793,Dunkirk,337208738,50513488,43,3,0,0,0,0,0,0,1,1,0,0,0,0,1,0,0,0,0,0,0,tt5013056,7.9
794,"Three Billboards Outside Ebbing, Missouri",105678291,322168,66,3,0,0,0,0,0,0,0,0,0,1,0,0,0,0,0,0,0,0,0,tt5027774,8.2
795,Mary Poppins Returns,177587528,23523121,53,2,1,1,0,0,0,1,0,0,0,1,0,1,0,0,1,0,0,1,0,tt5028340,6.7
796,Ant-Man and the Wasp,406025399,75812205,52,2,0,1,0,0,0,1,0,1,0,0,0,0,1,0,0,0,1,0,0,tt5095030,7.1
797,The Secret Life of Pets 2,271176898,46652680,66,1,0,1,0,0,1,0,0,0,1,0,0,1,0,1,1,0,0,0,0,tt5113040,6.5
798,Peter Rabbit,236013009,25010928,74,2,1,0,1,0,0,0,0,0,1,0,0,1,0,0,1,0,0,1,0,tt5117670,6.6
799,Annabelle: Creation,204423683,35006404,40,3,0,1,0,0,0,0,1,0,0,0,0,0,0,0,0,1,0,0,0,tt5140878,6.5
800,Ocean's 8,157500000,41607378,40,2,0,0,0,0,0,0,1,1,0,0,0,0,1,0,0,0,0,0,0,tt5164214,6.2
801,Hotel Transylvania 3: Summer Vacation,361073758,44076225,75,2,0,1,1,0,0,0,0,0,1,0,0,1,0,1,1,0,0,1,0,tt5220122,6.3
802,Deadpool 2,461202444,125507153,70,2,0,1,0,1,0,0,0,1,0,0,0,0,0,0,0,0,1,0,0,tt5463162,7.7
803,Hustlers,52600000,33181361,30,1,0,0,0,0,0,0,0,0,0,1,0,0,0,0,0,0,0,0,0,tt5503686,6.3
804,The Nutcracker and the Four Realms,119102218,20352491,53,2,1,0,0,0,0,1,0,0,1,0,0,1,0,0,1,0,0,1,0,tt5523010,5.5
805,The Shape of Water,131473877,166564,67,3,0,0,0,0,0,0,0,0,1,0,0,0,0,0,0,0,1,1,1,tt5580390,7.3
806,Daddy's Home 2,76583737,29651193,49,3,0,0,0,0,0,0,0,0,0,1,0,0,1,0,0,0,0,0,0,tt5657846,6.0
807,Insidious: The Last Key,100140258,29581355,65,2,0,1,0,0,1,0,0,0,0,0,0,0,1,0,0,1,0,0,0,tt5726086,5.7
808,Skyscraper,236448841,24905015,66,2,0,0,0,0,1,0,0,1,0,0,0,0,1,0,0,0,0,0,0,tt5758778,5.8
809,The Nun,248101575,53807379,41,2,0,0,0,0,0,0,1,0,0,0,0,0,0,0,0,1,0,0,0,tt5814060,5.3
810,Spies in Disguise,104859751,13354798,54,1,0,0,0,1,0,0,0,1,0,0,0,1,0,1,1,0,1,0,0,tt5814534,6.8
811,Ralph Breaks the Internet,328232251,56237634,53,2,0,0,0,0,0,1,0,0,1,0,0,1,0,1,1,0,0,1,0,tt5848272,7.1
812,Pokémon Detective Pikachu,288900000,54365242,46,1,0,0,0,0,0,0,1,1,0,0,0,1,0,0,1,0,1,0,0,tt5884052,6.6
813,Escape Room,98706476,18238172,70,1,0,0,1,0,0,0,0,1,0,0,0,0,1,0,0,1,0,0,0,tt5886046,6.3
814,The Angry Birds Movie 2,106124931,10354073,76,1,0,1,1,0,0,0,0,0,1,0,0,1,0,1,1,0,0,0,0,tt6095472,6.4
815,The Lion King,1113325747,191770759,56,1,0,0,0,0,0,1,0,0,1,0,0,1,0,1,1,0,0,0,0,tt6105098,6.9
816,Aladdin,695134737,91500929,55,1,1,0,0,0,0,1,0,0,1,0,0,1,0,0,1,0,0,1,1,tt6139732,7.0
817,John Wick: Chapter 3 - Parabellum,155694040,56818067,75,1,0,1,0,0,0,0,0,1,0,0,0,0,0,0,0,0,0,0,0,tt6146586,7.5
818,Smallfoot,130800000,23045635,40,2,1,0,0,0,0,0,1,0,1,0,0,1,0,1,1,0,0,1,0,tt6182908,6.6
819,Angel Has Fallen,77631541,21380987,55,1,0,0,0,0,0,0,0,1,0,0,0,0,0,0,0,0,0,0,0,tt6189022,6.4
820,The Post,97866009,526011,67,3,0,0,0,1,0,0,0,0,0,0,0,0,1,0,0,0,0,0,0,tt6294822,7.2
821,Spider-Man: Far from Home,741395911,92579212,75,1,0,1,1,0,0,0,0,1,0,0,0,0,1,0,0,0,1,0,0,tt6320628,7.5
822,Abominable,118336168,20612100,64,1,1,0,0,0,1,0,0,0,1,0,0,1,0,1,1,0,0,1,0,tt6324278,7.0
823,Creed II,98500000,35574710,43,2,0,1,0,0,0,0,0,0,0,0,0,0,1,0,0,0,0,0,0,tt6343314,7.1
824,Downton Abbey,96966620,31033665,55,1,1,0,0,0,0,0,0,0,0,0,0,1,0,0,0,0,0,0,1,tt6398184,7.4
825,Terminator: Dark Fate,198866215,29033832,49,1,0,1,0,0,0,0,0,1,0,0,0,0,0,0,0,0,1,0,0,tt6450804,6.2
826,X-Men: Dark Phoenix,186597000,32828348,54,1,0,1,0,1,0,0,0,1,0,0,0,0,1,0,0,0,1,0,0,tt6565702,5.8
827,A Quiet Place,152924808,50203562,57,2,0,0,0,0,0,0,0,0,0,0,0,0,1,0,0,1,1,0,0,tt6644200,7.5
828,Dolittle,168244352,21844045,67,0,1,0,0,0,1,0,0,0,1,0,0,1,0,0,1,0,0,1,0,tt6673612,5.6
829,Tenet,262000000,20200000,31,0,0,0,0,0,0,0,1,1,0,0,0,0,1,0,0,0,1,0,0,tt6723592,7.9
830,Parasite,204158673,393216,34,1,0,0,0,0,0,0,0,0,0,1,0,0,0,0,0,0,0,0,0,tt6751668,8.6
831,Glass,135950571,40328920,52,1,0,1,0,0,1,0,0,0,0,0,0,0,1,0,0,0,1,0,0,tt6823368,6.7
832,Us,80100000,71117625,64,1,0,0,0,0,1,0,0,0,0,0,0,0,0,0,0,1,0,0,0,tt6857112,6.9
833,Mamma Mia! Here We Go Again,274466207,34952180,65,2,0,0,0,0,1,0,0,0,0,1,0,0,1,0,0,0,0,0,1,tt6911608,6.6
834,Johnny English Strikes Again,154560329,1638895,65,2,0,1,0,0,1,0,0,1,0,0,0,1,0,0,0,0,0,0,0,tt6921996,6.2
835,Green Book,236672485,320429,71,2,0,0,0,0,1,0,0,0,0,0,0,0,1,0,0,0,0,0,0,tt6966692,8.2
836,Once Upon a Time... In Hollywood,231840898,41082018,72,1,0,0,1,0,0,0,0,0,0,1,0,0,0,0,0,0,0,0,0,tt7131622,7.6
837,Onward,83428277,39119861,53,0,0,0,0,0,0,1,0,0,1,0,0,1,0,1,1,0,0,1,0,tt7146812,7.4
838,Joker,738800000,96202337,43,1,0,0,0,0,0,0,1,0,0,0,0,0,0,0,0,0,0,0,0,tt7286456,8.5
839,It Chapter Two,261500000,91062152,42,1,0,0,0,0,0,0,1,0,0,0,0,0,0,0,0,1,0,1,0,tt7349950,6.5
840,Harley Quinn: Birds of Prey,117700000,33010017,43,0,0,1,0,0,0,0,1,1,0,0,0,0,0,0,0,0,0,0,0,tt7713068,6.1
841,The Mule,71000000,17509431,42,2,0,0,0,0,0,0,1,0,0,0,0,0,0,0,0,0,0,0,0,tt7959026,7.0
842,Jumanji: The Next Level,479744747,59251543,74,1,0,1,1,0,0,0,0,1,0,0,0,0,1,0,0,0,0,1,0,tt7975244,6.7
843,Yesterday,79724048,17010050,63,1,0,0,0,0,1,0,0,0,0,1,0,0,1,0,0,0,0,1,1,tt8079248,6.8
844,Annabelle Comes Home,157100000,20269723,43,1,0,1,0,0,0,0,1,0,0,0,0,0,0,0,0,1,0,0,0,tt8350360,5.9
845,1917,225561315,576216,73,1,0,0,0,0,1,0,0,0,0,0,0,0,0,0,0,0,0,0,0,tt8579674,8.3
846,Knives Out,143869563,26769548,77,1,0,0,0,0,0,0,0,0,0,1,0,0,1,0,0,0,0,0,0,tt8946378,7.9
847,Weathering with You,185388136,1808533,18,1,0,0,0,0,0,0,0,0,0,0,0,0,1,1,1,0,0,1,1,tt9426210,7.6
